id,name,gender,age,traits,status,interest,feature
1,Emily Johnson,Female,24,"Bookworm, Creative, Introverted",Marketing Coordinator,"Fiction, Fantasy, Classic Literature",Engaged Reader
2,Sarah Johnson,Female,46,"intelligent, curious, analytical",Data Scientist,"Mystery, Thriller, Non-Fiction",Engaged Reader
3,David Miller,Male,29,"Intelligent, Curious, Imaginative, Friendly",Teacher,"Young Adult Fiction, Memoirs, Classic Literature",Engaged Reader
4,Sarah Garcia,Female,33,"organized, analytical, outgoing",Marketing Manager,"Legal Thrillers, Mystery",Active User
5, John Smith,Male,32,"intelligent, witty, adventurous ",Teacher,"Fiction, Fantasy, Comedy  ","Bookworm, Adventurous Reader"
6,Emily Miller,Female,34,"Intelligent, Curious, Analytical, Creative, Open-minded",Librarian,"Literary Fiction, Historical Fiction, Mystery, Self-help",Bookworm
7,Sarah Smith,Female,30,"Kind, thoughtful, empathetic",Teacher,"Romance, drama",Active Reader
8,William Brown,Male,49,"intellectual, adventurous, insightful",Marketing Manager,"Mystery, Historical Fiction, Self-Help",Engaged Reader
9,John Davis,Male,34,"Intellectual, empathetic, curious",Teacher,"Fiction, Politics, Music",Engaged Reader
10,Christopher Wilson,Male,18,"Introverted, analytical, curious",Student,"Mystery, Thriller",Bookworm
11,Jessica Brown,Female,27,"Intelligent, curious, adventurous",Software Engineer,"Fantasy, Science Fiction",Power User
12,James Anderson,Male,37,"organized, analytical, curious",Marketing Manager,"Mystery, Thriller, Science Fiction",Engaged User
13,John Smith,Male,18,"outgoing, curious, empathetic ",Student,"Fiction, Self-Help, Young Adult ",Engaged Reader
14,Elena Garcia,Female,41,"Introverted, Curious, Analytical",Architect,"Fiction, Historical Fiction, Romance",Thoughtful Reader
15,Mary Johnson,Female,35,"Curious, empathetic, introspective",Teacher,"Fiction, Mystery, Thriller",Engaged Reader
16,William Johnson,Male,32,"Friendly, outgoing, bookworm, adventurous",Marketing Manager,"Fiction, Romance, Mystery, Self-Help",Engaged in reading and providing detailed feedback
17,Jennifer Williams,Female,34,"adventurous, analytical, curious",Software Engineer,"Non-fiction, Adventure, Memoirs",Engaged Reader
18,Elena Martinez,Female,23,"Kind, thoughtful, bookish, introverted",Student,"Fiction, literary fiction, drama",Engaged Reader
19,Michael Brown,Male,42,"Introverted, intelligent, imaginative, curious, analytical",Architect,"Historical fiction, fantasy",Thoughtful Reader
20,Joseph Davis,Male,47,"adventurous, curious, empathetic   status",Nurse,"Fiction, Memoirs, Mystery",Engaged Reader
21,Linda Brown,Female,53,"Introverted, analytical, detail-oriented, organized",Accountant,"Mystery, Thriller, Suspense",Thoughtful Reader
22,Charles Wilson,Male,41,"curious, adventurous, analytical",Marketing Manager,"romance, mystery, thriller",Engaged Reader
23,Patricia Jones,Female,32,"Kind, adventurous, curious",Marketing Manager,"Fiction, Romance, Self-help",Engaging
24,Daniel Moore,Male,32,"Kind, introverted, bookworm, thoughtful",Librarian,"Fiction, Romance, Mystery",Engaged
25,Matthew Taylor,Male,28,"friendly, inquisitive, bookworm",Marketing Manager,"Fiction, coming-of-age stories",Engaged Reader
26,John Jones,Male,45,"Kind, thoughtful, bookish, introverted",Teacher,"Romance, drama",Engaged Reader
27,James Martinez,Female,22,"Introverted, intelligent, imaginative, curious, analytical",Teacher,"Mystery, Historical Fiction, Self-Help",Engaged Reader
28,James Smith,Male,22,"adventurous, curious, empathetic   status",Marketing Manager,"Fiction, Politics, Music",Thoughtful Reader
29,Robert Johnson,Female,31,"Introverted, analytical, detail-oriented, organized",Software Engineer,"Mystery, Thriller",Engaged Reader
30,Michael Smith,Male,67,"curious, adventurous, analytical",Retired,"Fantasy, Science Fiction",Thoughtful Reader
31,David Johnson,Male,41,"Kind, adventurous, curious",Teacher,"Mystery, Thriller, Science Fiction",Engaged Reader
32,John Davis,Male,37,"Kind, introverted, bookworm, thoughtful",Marketing Manager,"Fiction, Self-Help, Young Adult ",Engaging
33,David Garcia,Female,32,"friendly, inquisitive, bookworm",Software Engineer,"Fiction, Historical Fiction, Romance",Engaged
34,Michael Johnson,Male,61,"Intelligent, Curious, Analytical, Creative, Open-minded",Teacher,"Fiction, Mystery, Thriller",Engaged Reader
35,Emily Miller,Female,61,"Kind, thoughtful, empathetic",Marketing Manager,"Fiction, Romance, Mystery, Self-Help",Bookworm
36,Jane Smith,Male,33,"intellectual, adventurous, insightful",Software Engineer,"Non-fiction, Adventure, Memoirs",Active Reader
37,John Johnson,Female,39,"Intellectual, empathetic, curious",Pediatrician,"Fiction, literary fiction, drama",Engaged Reader
38,Linda Brown,Male,53,"Introverted, analytical, curious",Librarian,"Historical fiction, fantasy",Engaged Reader
39,Michael Garcia,Male,49,"Intelligent, curious, adventurous",Accountant,"Fiction, Memoirs, Mystery",Engaged Reader
40,Emily Taylor,Female,32,"organized, analytical, curious",Teacher,"Mystery, Thriller, Suspense",Engaged Reader
41,Jane Taylor,Male,47,"outgoing, curious, empathetic ",Marketing Manager,"Fiction, Politics, Music",Thoughtful Reader
42,James Jones,Female,34,"Introverted, Curious, Analytical",Software Engineer,"Romance, drama",Engaged Reader
43,David Davis,Male,51,"Curious, empathetic, introspective",Teacher,"Mystery, Historical Fiction, Self-Help",Thoughtful Reader
44,Linda Brown,Male,54,"Friendly, outgoing, bookworm, adventurous",Accountant,"Fiction, Politics, Music",Engaged Reader
45,Robert Smith,Male,36,"adventurous, analytical, curious",Teacher,"Mystery, Thriller",Engaging
46,Emily Brown,Female,28,"Kind, thoughtful, bookish, introverted",Teacher,"Fantasy, Science Fiction",Engaged
47,Jane Williams,Male,24,"Introverted, intelligent, imaginative, curious, analytical",Marketing Manager,"Mystery, Thriller, Science Fiction",Engaged Reader
48,David Smith,Female,33,"adventurous, curious, empathetic   status",Software Engineer,"Fiction, Self-Help, Young Adult ",Engaged Reader
49,Michael Miller,Female,36,"Introverted, analytical, detail-oriented, organized",Mentor,"Fiction, Historical Fiction, Romance",Engaged Reader
50,Linda Davis,Male,39,"curious, adventurous, analytical",Teacher,"Fiction, Mystery, Thriller",Engaged Reader
51,Emily Johnson,Female,32,"Kind, adventurous, curious",Teacher,"Fiction, Romance, Mystery, Self-Help",Engaged Reader
52,Emily Miller,Male,56,"Kind, introverted, bookworm, thoughtful",Marketing Manager,"Non-fiction, Adventure, Memoirs",Thoughtful Reader
53,John Jones,Female,36,"friendly, inquisitive, bookworm",Software Engineer,"Fiction, literary fiction, drama",Engaged Reader
54,John Johnson,Female,23,"Intelligent, Curious, Imaginative, Friendly",Student,"Historical fiction, fantasy",Thoughtful Reader
55,Jane Davis,Male,30,"organized, analytical, outgoing",Teacher,"Fiction, Memoirs, Mystery",Engaged Reader
56,Jane Davis,Female,31,"intelligent, witty, adventurous ",Teacher,"Mystery, Thriller, Suspense",Engaging
57,Emily Martinez,Female,45,"Intelligent, Curious, Analytical, Creative, Open-minded",Marketing Manager,"Fiction, Politics, Music",Engaged
58,Mary Williams,Male,35,"Kind, thoughtful, empathetic",Software Engineer,"Romance, drama",Engaged Reader
59,John Taylor,Male,38,"intellectual, adventurous, insightful",Marketing Manager,"Mystery, Historical Fiction, Self-Help","Bookworm, Adventurous Reader"
60,Linda Taylor,Female,35,"Intellectual, empathetic, curious",Software Engineer,"Fiction, Politics, Music",Bookworm
61,David Williams,Female,37,"Introverted, analytical, curious",Teacher,"Mystery, Thriller",Active Reader
62,John Garcia,Male,40,"Intelligent, curious, adventurous",Marketing Manager,"Fantasy, Science Fiction",Engaged Reader
63,Sarah Garcia,Male,36,"organized, analytical, curious",Software Engineer,"Mystery, Thriller, Science Fiction",Engaged Reader
64,Robert Martinez,Female,31,"outgoing, curious, empathetic ",Teacher,"Fiction, Self-Help, Young Adult ",Engaged Reader
65,David Davis,Male,37,"Introverted, Curious, Analytical",Teacher,"Fiction, Historical Fiction, Romance",Engaged Reader
66,Michael Williams,Male,51,"Curious, empathetic, introspective",Marketing Manager,"Fiction, Mystery, Thriller",Thoughtful Reader
67,David Johnson,Female,38,"Friendly, outgoing, bookworm, adventurous",Software Engineer,"Fiction, Romance, Mystery, Self-Help",Engaged Reader
68,Emily Smith,Male,54,"adventurous, analytical, curious",Retired,"Non-fiction, Adventure, Memoirs",Thoughtful Reader
69,Michael Davis,Female,31,"Kind, thoughtful, bookish, introverted",Teacher,"Fiction, literary fiction, drama",Engaged Reader
70,Sarah Brown,Male,47,"Introverted, intelligent, imaginative, curious, analytical",Marketing Manager,"Historical fiction, fantasy",Engaging
71,Jane Williams,Female,45,"adventurous, curious, empathetic   status",Software Engineer,"Fiction, Memoirs, Mystery",Engaged
72,James Johnson,Male,33,"Introverted, analytical, detail-oriented, organized",Teacher,"Mystery, Thriller, Suspense",Engaged Reader
73,John Davis,Male,61,"curious, adventurous, analytical",Marketing Manager,"Romance, drama","Bookworm, Adventurous Reader"
74,Linda Garcia,Female,42,"Kind, adventurous, curious",Software Engineer,"Mystery, Historical Fiction, Self-Help",Bookworm
75,Emily Davis,Male,29,"Kind, introverted, bookworm, thoughtful",Teacher,"Fiction, Politics, Music",Active Reader
76,Emily Garcia,Male,48,"friendly, inquisitive, bookworm",Marketing Manager,"Mystery, Thriller",Engaged Reader
77,James Smith,Female,25,"Kind, thoughtful, bookish, introverted",Software Engineer,"Fantasy, Science Fiction",Engaged Reader
78,James Brown,Female,43,"Introverted, intelligent, imaginative, curious, analytical",Teacher,"Mystery, Thriller, Science Fiction",Engaged Reader
79,Sarah Smith,Male,37,"adventurous, curious, empathetic   status",Accountant,"Fiction, Self-Help, Young Adult ",Engaged Reader
80,John Garcia,Female,22,"Introverted, analytical, detail-oriented, organized",Student,"Fiction, Historical Fiction, Romance",Thoughtful Reader
81,Mary Williams,Male,63,"curious, adventurous, analytical",Retired,"Fiction, Mystery, Thriller",Engaged Reader
82,Emily Brown,Female,63,"Kind, adventurous, curious",Accountant,"Fiction, Romance, Mystery, Self-Help",Thoughtful Reader
83,Sarah Smith,Male,23,"Kind, introverted, bookworm, thoughtful",Student,"Non-fiction, Adventure, Memoirs",Engaged Reader
84,Robert Miller,Female,52,"friendly, inquisitive, bookworm",Accountant,"Fiction, literary fiction, drama",Engaging
85,James Johnson,Male,36,"Kind, thoughtful, bookish, introverted",Student,"Historical fiction, fantasy",Engaged
86,Sarah Miller,Male,27,"Introverted, intelligent, imaginative, curious, analytical",Teacher,"Fiction, Memoirs, Mystery",Engaged Reader
87,David Brown,Female,47,"adventurous, curious, empathetic   status",Accountant,"Mystery, Thriller, Suspense",Engaged Reader
88,Robert Miller,Male,38,"Introverted, analytical, detail-oriented, organized",Marketing Coordinator,"Mystery, Historical Fiction, Self-Help",Engaged Reader
89,Robert Davis,Male,39,"curious, adventurous, analytical",Data Scientist,"Fiction, Politics, Music",Thoughtful Reader
90,Emily Garcia,Female,39,"Kind, adventurous, curious",Teacher,"Romance, drama",Engaged Reader
91,Jane Brown,Male,42,"Kind, introverted, bookworm, thoughtful",Librarian,"Mystery, Historical Fiction, Self-Help",Thoughtful Reader
92,Emily Taylor,Female,50,"friendly, inquisitive, bookworm",Accountant,"Fiction, Politics, Music",Engaged Reader
93,Mary Williams,Male,55,"Bookworm, Creative, Introverted",Retired,"Mystery, Thriller",Engaging
94,Emily Martinez,Female,42,"intelligent, curious, analytical",Marketing Coordinator,"Fantasy, Science Fiction",Engaged
95,Emily Taylor,Female,42,"Intelligent, Curious, Imaginative, Friendly",Data Scientist,"Mystery, Thriller, Science Fiction",Engaged Reader
96,Robert Garcia,Female,24,"organized, analytical, outgoing",Student,"Fiction, Self-Help, Young Adult ",Active User
97,Mary Martinez,Male,43,"intelligent, witty, adventurous ",Teacher,"Fiction, Historical Fiction, Romance","Bookworm, Adventurous Reader"
98,Jane Johnson,Female,30,"Intelligent, Curious, Analytical, Creative, Open-minded",Accountant,"Fiction, Mystery, Thriller",Bookworm
99,Emily Jones,Male,57,"Kind, thoughtful, empathetic",Marketing Coordinator,"Fiction, Romance, Mystery, Self-Help",Active Reader
100,Michael Miller,Female,26,"intellectual, adventurous, insightful",Data Scientist,"Non-fiction, Adventure, Memoirs",Engaged Reader
101,James Taylor,Male,44,"Intellectual, empathetic, curious",Teacher,"Fiction, literary fiction, drama",Engaged Reader
102,Jane Smith,Female,33,"Introverted, analytical, curious",Marketing Manager,"Historical fiction, fantasy",Engaged Reader
103,Mary Williams,Male,33,"Intelligent, curious, adventurous",Teacher,"Fiction, Memoirs, Mystery",Engaged Reader
104,Sarah Martinez,Male,30,"organized, analytical, curious",Librarian,"Mystery, Thriller, Suspense",Thoughtful Reader
105,John Jones,Female,35,"outgoing, curious, empathetic ",Marketing Coordinator,"Mystery, Historical Fiction, Self-Help",Engaged Reader
106,Emily Martinez,Male,38,"Introverted, Curious, Analytical",Data Scientist,"Fiction, Politics, Music",Thoughtful Reader
107,Linda Davis,Female,49,"Curious, empathetic, introspective",Teacher,"Romance, drama",Engaged Reader
108,James Garcia,Male,25,"Friendly, outgoing, bookworm, adventurous",Marketing Manager,"Mystery, Historical Fiction, Self-Help",Engaging
109,David Johnson,Female,29,"adventurous, analytical, curious",Marketing Coordinator,"Fiction, Politics, Music",Engaged
110,James Miller,Male,40,"Kind, thoughtful, bookish, introverted",Data Scientist,"Mystery, Thriller",Engaged Reader
111,Robert Williams,Male,49,"Introverted, intelligent, imaginative, curious, analytical",Teacher,"Fantasy, Science Fiction",Active Reader
112,Sarah Jones,Female,49,"adventurous, curious, empathetic   status",Marketing Manager,"Mystery, Thriller, Science Fiction",Engaged Reader
113,Sarah Garcia,Male,29,"Introverted, analytical, detail-oriented, organized",Teacher,"Fiction, Self-Help, Young Adult ",Engaged Reader
114,Linda Miller,Male,29,"curious, adventurous, analytical",Librarian,"Fiction, Historical Fiction, Romance",Engaged Reader
115,David Smith,Female,43,"Kind, adventurous, curious",Marketing Coordinator,"Fiction, Mystery, Thriller",Engaged Reader
116,Linda Martinez,Male,25,"Kind, introverted, bookworm, thoughtful",Data Scientist,"Fiction, Romance, Mystery, Self-Help",Thoughtful Reader
117,Robert Martinez,Female,34,"friendly, inquisitive, bookworm",Teacher,"Non-fiction, Adventure, Memoirs",Engaged Reader
118,Robert Jones,Male,21,"Kind, thoughtful, bookish, introverted",Marketing Coordinator,"Fiction, literary fiction, drama",Thoughtful Reader
119,Robert Garcia,Female,40,"Introverted, intelligent, imaginative, curious, analytical",Data Scientist,"Historical fiction, fantasy",Engaged Reader
120,Sarah Davis,Female,57,"adventurous, curious, empathetic   status",Teacher,"Fiction, Memoirs, Mystery",Engaging
121,David Williams,Male,37,"Introverted, analytical, detail-oriented, organized",Marketing Manager,"Mystery, Thriller, Suspense",Engaged
122,Robert Williams,Female,36,"curious, adventurous, analytical",Teacher,"Legal Thrillers, Mystery",Engaged Reader
123,David Taylor,Male,41,"Kind, adventurous, curious",Librarian,"Fiction, Fantasy, Comedy  ",Engaged Reader
124,David Garcia,Female,37,"Kind, introverted, bookworm, thoughtful",Marketing Coordinator,"Literary Fiction, Historical Fiction, Mystery, Self-help",Active User
125,Michael Miller,Female,40,"friendly, inquisitive, bookworm",Data Scientist,"Romance, drama","Bookworm, Adventurous Reader"
126,David Smith,Male,26,"Kind, thoughtful, bookish, introverted",Teacher,"Mystery, Historical Fiction, Self-Help",Bookworm
127,David Smith,Female,26,"Introverted, intelligent, imaginative, curious, analytical",Marketing Coordinator,"Fiction, Politics, Music",Active Reader
128,James Jones,Male,52,"adventurous, curious, empathetic   status",Data Scientist,"Romance, drama",Engaged Reader
129,James Davis,Female,44,"Introverted, analytical, detail-oriented, organized",Teacher,"Mystery, Historical Fiction, Self-Help",Engaged Reader
130,Emily Davis,Male,30,"curious, adventurous, analytical",Marketing Manager,"Fiction, Politics, Music",Engaged Reader
131,Michael Miller,Male,40,"Kind, adventurous, curious",Teacher,"Mystery, Thriller",Engaged Reader
132,Sarah Brown,Female,52,"Kind, introverted, bookworm, thoughtful",Librarian,"Fantasy, Science Fiction",Thoughtful Reader
133,Robert Taylor,Male,34,"friendly, inquisitive, bookworm",Marketing Coordinator,"Mystery, Thriller, Science Fiction",Engaged Reader
134,Emily Davis,Male,30,"intelligent, curious, analytical",Data Scientist,"Fiction, Self-Help, Young Adult ",Engaged Reader
135,Sarah Garcia,Female,54,"Intelligent, Curious, Imaginative, Friendly",Teacher,"Fiction, Historical Fiction, Romance",Engaged Reader
136,Sarah Jones,Male,44,"organized, analytical, outgoing",Marketing Coordinator,"Fiction, Mystery, Thriller",Thoughtful Reader
137,Mary Garcia,Female,27,"intelligent, witty, adventurous ",Marketing Coordinator,"Fiction, Romance, Mystery, Self-Help",Engaged Reader
138,Emily Miller,Male,40,"Intelligent, Curious, Analytical, Creative, Open-minded",Data Scientist,"Non-fiction, Adventure, Memoirs",Thoughtful Reader
139,Robert Brown,Female,69,"Kind, thoughtful, empathetic",Teacher,"Fiction, literary fiction, drama",Engaged Reader
140,Linda Martinez,Male,33,"intellectual, adventurous, insightful",Marketing Manager,"Historical fiction, fantasy",Engaging
141,James Johnson,Male,36,"Intellectual, empathetic, curious",Teacher,"Fiction, Memoirs, Mystery",Engaged
142,John Davis,Female,24,"Introverted, analytical, curious",Librarian,"Mystery, Thriller, Suspense",Engaged Reader
143,Linda Jones,Male,52,"Intelligent, curious, adventurous",Accountant,"Fiction, Fantasy, Comedy  ",Active User
144,Robert Martinez,Male,52,"organized, analytical, curious",Marketing Coordinator,"Literary Fiction, Historical Fiction, Mystery, Self-help","Bookworm, Adventurous Reader"
145,Sarah Jones,Female,38,"outgoing, curious, empathetic ",Data Scientist,"Romance, drama",Bookworm
146,James Martinez,Male,39,"Introverted, Curious, Analytical",Teacher,"Mystery, Historical Fiction, Self-Help",Active Reader
147,Mary Smith,Female,34,"Curious, empathetic, introspective",Marketing Manager,"Fiction, Politics, Music",Engaged Reader
148,David Miller,Female,44,"Friendly, outgoing, bookworm, adventurous",Teacher,"Romance, drama",Engaged Reader
149,Jane Williams,Male,29,"adventurous, analytical, curious",Librarian,"Mystery, Historical Fiction, Self-Help",Engaged Reader
150,James Brown,Male,38,"Kind, thoughtful, bookish, introverted",Psychologist,"Fiction, Politics, Music",Engaged Reader
151,Linda Taylor,Male,14,"Introverted, intelligent, imaginative, curious, analytical",Student,"Mystery, Thriller",Thoughtful Reader
152,David Miller,Male,34,"adventurous, curious, empathetic   status",Marketing Coordinator,"Fantasy, Science Fiction",Engaged Reader
153,James Garcia,Male,54,"Introverted, analytical, detail-oriented, organized",Data Scientist,"Mystery, Thriller, Science Fiction",Thoughtful Reader
154,Robert Taylor,Male,30,"curious, adventurous, analytical",Teacher,"Fiction, Self-Help, Young Adult ",Engaged Reader
155,James Miller,Male,25,"Kind, adventurous, curious",Marketing Manager,"Fiction, Historical Fiction, Romance",Engaging
156,Robert Smith,Male,28,"Kind, introverted, bookworm, thoughtful",Teacher,"Fiction, Mystery, Thriller",Engaged
157,John Garcia,Female,26,"friendly, inquisitive, bookworm",Librarian,"Fiction, Romance, Mystery, Self-Help",Engaged Reader
158,Michael Garcia,Male,38,"Kind, thoughtful, bookish, introverted",Marketing Coordinator,"Non-fiction, Adventure, Memoirs",Active User
159,Mary Smith,Female,57,"Introverted, intelligent, imaginative, curious, analytical",Data Scientist,"Fiction, literary fiction, drama","Bookworm, Adventurous Reader"
160,James Martinez,Female,45,"adventurous, curious, empathetic   status",Teacher,"Historical fiction, fantasy",Bookworm
161,Emily Smith,Male,31,"Introverted, analytical, detail-oriented, organized",Marketing Manager,"Fiction, Memoirs, Mystery",Active Reader
162,John Davis,Male,22,"curious, adventurous, analytical",Teacher,"Mystery, Thriller, Suspense",Engaged Reader
163,Robert Jones,Male,50,"Kind, adventurous, curious",Librarian,"Legal Thrillers, Mystery",Engaged Reader
164,James Davis,Female,50,"Kind, introverted, bookworm, thoughtful",Marketing Coordinator,"Fiction, Fantasy, Comedy  ",Engaged Reader
165,Mary Miller,Male,30,"friendly, inquisitive, bookworm",Data Scientist,"Literary Fiction, Historical Fiction, Mystery, Self-help",Engaged Reader
166,Sarah Garcia,Female,36,"Kind, thoughtful, bookish, introverted",Teacher,"Romance, drama",Thoughtful Reader
167,James Johnson,Male,43,"Introverted, intelligent, imaginative, curious, analytical",Marketing Manager,"Mystery, Historical Fiction, Self-Help",Engaged Reader
168,Sarah Davis,Female,30,"adventurous, curious, empathetic   status",Teacher,"Fiction, Politics, Music",Thoughtful Reader
169,David Johnson,Male,43,"Introverted, analytical, detail-oriented, organized",Librarian,"Romance, drama",Engaged Reader
170,Mary Williams,Female,31,"curious, adventurous, analytical",Marketing Coordinator,"Mystery, Historical Fiction, Self-Help",Engaging
171,Emily Davis,Male,18,"Kind, adventurous, curious",Data Scientist,"Fiction, Politics, Music",Engaged
172,Mary Taylor,Female,25,"Kind, introverted, bookworm, thoughtful",Teacher,"Mystery, Thriller",Engaged Reader
173,James Brown,Male,39,"friendly, inquisitive, bookworm",Marketing Manager,"Fantasy, Science Fiction",Engaged Reader
174,Mary Jones,Female,33,"organized, analytical, outgoing",Teacher,"Mystery, Thriller, Science Fiction",Engaged Reader
175,John Jones,Male,27,"intelligent, witty, adventurous ",Librarian,"Fiction, Self-Help, Young Adult ",Engaged Reader
176,James Williams,Female,27,"Intelligent, Curious, Analytical, Creative, Open-minded",Marketing Manager,"Fiction, Historical Fiction, Romance",Active User
177,John Davis,Male,37,"Kind, thoughtful, empathetic",Teacher,"Fiction, Mystery, Thriller","Bookworm, Adventurous Reader"
178,Sarah Jones,Male,43,"intellectual, adventurous, insightful",Veterinarian,"Fiction, Romance, Mystery, Self-Help",Bookworm
179,Sarah Jones,Male,29,"Intellectual, empathetic, curious",Marketing Manager,"Non-fiction, Adventure, Memoirs",Active Reader
180,Robert Davis,Male,29,"Introverted, analytical, curious",architect,"Fiction, literary fiction, drama",Engaged Reader
181,Emily Martinez,Male,30,"Intelligent, curious, adventurous",Teacher,"Historical fiction, fantasy",Engaged Reader
182,Emily Brown,Male,39,"organized, analytical, curious",Marketing Manager,"Fiction, Memoirs, Mystery",Engaged Reader
183,Emily Smith,Female,48,"outgoing, curious, empathetic ",Teacher,"Mystery, Thriller, Suspense",Engaged Reader
184,Linda Garcia,Female,46,"Introverted, Curious, Analytical",Librarian,"Romance, drama",Thoughtful Reader
185,James Williams,Female,46,"Curious, empathetic, introspective",Accountant,"Mystery, Historical Fiction, Self-Help",Engaged Reader
186,James Miller,Male,46,"Friendly, outgoing, bookworm, adventurous",Marketing Coordinator,"Fiction, Politics, Music",Thoughtful Reader
187,Sarah Davis,Male,25,"adventurous, analytical, curious",Data Scientist,"Mystery, Thriller",Engaged Reader
188,James Garcia,Male,27,"Kind, thoughtful, bookish, introverted",Teacher,"Fantasy, Science Fiction",Engaging
189,Mary Martinez,Male,28,"Introverted, intelligent, imaginative, curious, analytical",Marketing Manager,"Mystery, Thriller, Science Fiction",Engaged
190,Jane Taylor,Female,36,"adventurous, curious, empathetic   status",Accountant,"Fiction, Self-Help, Young Adult ",Engaged Reader
191,Robert Smith,Male,38,"Introverted, analytical, detail-oriented, organized",Marketing Coordinator,"Fiction, Historical Fiction, Romance",Active Reader
192,John Smith,Female,29,"curious, adventurous, analytical",Data Scientist,"Fiction, Mystery, Thriller",Engaged Reader
193,Sarah Garcia,Male,33,"Kind, adventurous, curious",Teacher,"Fiction, Romance, Mystery, Self-Help",Engaged Reader
194,Emily Miller,Female,33,"Kind, introverted, bookworm, thoughtful",Marketing Manager,"Non-fiction, Adventure, Memoirs",Engaged Reader
195,Michael Johnson,Male,51,"friendly, inquisitive, bookworm",Librarian,"Fiction, literary fiction, drama",Engaged Reader
196,Peter Novak,Male,36,"Kind, thoughtful, bookish, introverted",Accountant,"Historical fiction, fantasy",Thoughtful Reader
197,Hannah Johnson,Female,36,"Introverted, intelligent, imaginative, curious, analytical",Marketing Coordinator,"Fiction, Memoirs, Mystery",Engaged Reader
198,Mateusz Kowalski,Male,35,"adventurous, curious, empathetic   status",Data Scientist,"Mystery, Thriller, Suspense",Thoughtful Reader
199,Elias Järvinen,Male,28,"Introverted, analytical, detail-oriented, organized",Teacher,"Fiction, Fantasy, Classic Literature",Engaged Reader
200,Emily Johnson,Female,26,"curious, adventurous, analytical",Marketing Manager,"Mystery, Thriller, Non-Fiction",Engaging
201,Andreea Popescu,Female,26,"Kind, adventurous, curious",Accountant,"Young Adult Fiction, Memoirs, Classic Literature",Engaged
202,Youssef Ahmed,Male,31,"Kind, introverted, bookworm, thoughtful",Marketing Coordinator,"Legal Thrillers, Mystery",Engaged Reader
203,Maria Rodriguez,Female,26,"friendly, inquisitive, bookworm",Data Scientist,"Fiction, Fantasy, Comedy  ",Active User
204,Sophie Müller,Female,29,"Kind, thoughtful, bookish, introverted",Teacher,"Literary Fiction, Historical Fiction, Mystery, Self-help","Bookworm, Adventurous Reader"
205,Ethan Thompson,Male,32,"Introverted, intelligent, imaginative, curious, analytical",Marketing Manager,"Romance, drama",Bookworm
206,Henry Johnson,Male,24,"adventurous, curious, empathetic   status",Student,"Mystery, Historical Fiction, Self-Help",Active Reader
207,Sarah Johnson,Female,39,"Introverted, analytical, detail-oriented, organized",Teacher,"Fiction, Politics, Music",Engaged Reader
208,Mustafa Arslan,Male,33,"Kind, thoughtful, bookish, introverted",Architect,"Fiction, Fantasy, Classic Literature",Engaged Reader
209,Nathan Johnson,Male,34,"Introverted, intelligent, imaginative, curious, analytical",Accountant,"Mystery, Thriller, Non-Fiction",Engaged Reader
210,Liam Thompson,Male,40,"adventurous, curious, empathetic   status",Marketing Coordinator,"Young Adult Fiction, Memoirs, Classic Literature",Engaged Reader
211,Luca Rossi,Male,44,"Introverted, analytical, detail-oriented, organized",Data Scientist,"Legal Thrillers, Mystery",Thoughtful Reader
212,Anna Kowalska,Female,36,"curious, adventurous, analytical",Teacher,"Fiction, Fantasy, Comedy  ",Engaged Reader
213,Ana Silva Santos,Female,28,"Kind, adventurous, curious",Marketing Manager,"Literary Fiction, Historical Fiction, Mystery, Self-help",Thoughtful Reader
214,Connor Thompson,Male,27,"Kind, introverted, bookworm, thoughtful",Teacher,"Romance, drama",Engaged Reader
215,Maria Hernandez,Female,50,"friendly, inquisitive, bookworm",Teacher,"Mystery, Historical Fiction, Self-Help",Engaging
216,Dmitri Petrov,Male,37,"organized, analytical, outgoing",Accountant,"Fiction, Politics, Music",Engaged
217,Oliver Thompson,Male,63,"intelligent, witty, adventurous ",Retired,"Romance, drama",Engaged Reader
218,Sophia Müller,Female,23,"Intelligent, Curious, Analytical, Creative, Open-minded",,"Mystery, Historical Fiction, Self-Help",Engaged Reader
219,Erik Nilsson,Male,49,"Kind, thoughtful, empathetic",Librarian,"Fiction, Politics, Music",Active User
220,Sophia Rodriguez,Female,37,"intellectual, adventurous, insightful",Teacher,"Mystery, Thriller","Bookworm, Adventurous Reader"
221,Sarah Johnson,Female,67,"Intellectual, empathetic, curious",Accountant,"Fantasy, Science Fiction",Bookworm
222,Sofia Rossi,Female,32,"Introverted, analytical, curious",Teacher,"Mystery, Thriller, Science Fiction",Active Reader
223,Mateo Fernandez,Male,29,"Intelligent, curious, adventurous",Accountant,"Fiction, Self-Help, Young Adult ",Engaged Reader
224,Nikos Papadopoulos,Male,30,"organized, analytical, curious",Librarian,"Fiction, Historical Fiction, Romance",Engaged Reader
225,Ana Novakovi?,Female,18,"outgoing, curious, empathetic ",Teacher,"Fiction, Mystery, Thriller",Engaged Reader
226,Marco Rossi,Male,34,"Introverted, Curious, Analytical",Accountant,"Fiction, Romance, Mystery, Self-Help",Engaged Reader
227,Sophie Thompson,Female,44,"Curious, empathetic, introspective",Military,"Non-fiction, Adventure, Memoirs",Thoughtful Reader
228,Isabela Silva Santos,Female,60,"Friendly, outgoing, bookworm, adventurous",Retired,"Fiction, literary fiction, drama",Engaged Reader
229,Ivan Petrov,Male,36,"adventurous, analytical, curious",Teacher,"Historical fiction, fantasy",Thoughtful Reader
230,Maximilian Schneider,Male,53,"Kind, thoughtful, bookish, introverted",Teacher,"Fiction, Memoirs, Mystery",Engaged Reader
231,Lucas Oliveira,Male,48,"Introverted, intelligent, imaginative, curious, analytical",Marketing Manager,"Mystery, Thriller, Suspense",Engaging
232,Marko Petrovi?,Male,48,"adventurous, curious, empathetic   status",Teacher,"Fiction, Fantasy, Comedy  ",Engaged
233,Joshua Thompson,Male,29,"Introverted, analytical, detail-oriented, organized",Librarian,"Literary Fiction, Historical Fiction, Mystery, Self-help",Engaged Reader
234,James Thompson,Male,48,"curious, adventurous, analytical",Marketing Coordinator,"Romance, drama","Bookworm, Adventurous Reader"
235,Karolina Kowalska,Female,58,"Kind, adventurous, curious",Data Scientist,"Mystery, Historical Fiction, Self-Help",Bookworm
236,Samantha Thompson,Female,58,"Kind, introverted, bookworm, thoughtful",Teacher,"Fiction, Politics, Music",Active Reader
237,Emily Thompson,Female,35,"friendly, inquisitive, bookworm",Marketing Coordinator,"Romance, drama",Engaged Reader
238,Natalia Kowalska,Female,46,"Kind, thoughtful, bookish, introverted",Data Scientist,"Mystery, Historical Fiction, Self-Help",Engaged Reader
239,Elias Koskinen,Male,46,"Introverted, intelligent, imaginative, curious, analytical",Architect,"Fiction, Politics, Music",Engaged Reader
240,Michael Johnson,Male,23,"adventurous, curious, empathetic   status",Student,"Mystery, Thriller",Engaged Reader
241,Sophia Rodriguez,Female,23,"Introverted, analytical, detail-oriented, organized",Teacher,"Fantasy, Science Fiction",Thoughtful Reader
242,Ethan McKenzie,Male,23,"curious, adventurous, analytical",Teacher,"Mystery, Thriller, Science Fiction",Engaged Reader
243,James Johnson,Male,52,"Kind, adventurous, curious",Marketing Manager,"Fiction, Self-Help, Young Adult ",Thoughtful Reader
244,Finn van der Linden,Male,23,"Kind, introverted, bookworm, thoughtful",Teacher,"Fiction, Historical Fiction, Romance",Engaged Reader
245,Ani Baghdasaryan,Female,33,"friendly, inquisitive, bookworm",Librarian,"Fiction, Mystery, Thriller",Engaging
246,James Harrison,Male,29,"Kind, thoughtful, bookish, introverted",Marketing Coordinator,"Fiction, Romance, Mystery, Self-Help",Engaged
247,Emre Y?lmaz,Male,57,"Introverted, intelligent, imaginative, curious, analytical",Data Scientist,"Non-fiction, Adventure, Memoirs",Engaged Reader
248,Alexandra Popescu,Female,37,"adventurous, curious, empathetic   status",Teacher,"Fiction, literary fiction, drama",Engaged Reader
249,Lukas Schmidt,Male,32,"Introverted, analytical, detail-oriented, organized",Marketing Coordinator,"Historical fiction, fantasy",Engaged Reader
250,Natalia Kowalska,Female,27,"curious, adventurous, analytical",Data Scientist,"Fiction, Memoirs, Mystery",Thoughtful Reader
251,Emily Roberts,Female,51,"Kind, adventurous, curious",Teacher,"Mystery, Thriller, Suspense",Engaged Reader
252,Kasia Nowak,Female,61,"Kind, introverted, bookworm, thoughtful",Retired,"Romance, drama",Thoughtful Reader
253,Maria Ivanova,Female,41,"friendly, inquisitive, bookworm",IT,"Mystery, Historical Fiction, Self-Help",Engaged Reader
254,Diego Hernandez,Male,47,"Intelligent, Curious, Imaginative, Friendly",Teacher,"Fiction, Politics, Music",Engaging
255,Ana Kova?i?,Female,30,"organized, analytical, outgoing",Marketing Coordinator,"Romance, drama",Engaged
256,Natalia Kowalska,Female,25,"intelligent, witty, adventurous ",Data Scientist,"Mystery, Historical Fiction, Self-Help",Engaged Reader
257,Emre Kaya,Male,44,"Intelligent, Curious, Analytical, Creative, Open-minded",Therapist,"Fiction, Politics, Music",Active User
258,Lily Thompson,Female,29,"Kind, thoughtful, empathetic",Teacher,"Mystery, Thriller","Bookworm, Adventurous Reader"
259,Anton Johansson,Male,31,"intellectual, adventurous, insightful",Marketing Coordinator,"Fantasy, Science Fiction",Bookworm
260,Sophie Evans,Female,15,"Intellectual, empathetic, curious",Teacher,"Mystery, Thriller, Science Fiction",Active Reader
261,Murat Y?lmaz,Male,26,"Introverted, analytical, curious",Marketing Coordinator,"Fiction, Self-Help, Young Adult ",Engaged Reader
262,Oliver Thompson,Male,38,"Intelligent, curious, adventurous",Data Scientist,"Fiction, Historical Fiction, Romance",Engaged Reader
263,Mateusz Kowalski,Male,33,"organized, analytical, curious",Teacher,"Fiction, Mystery, Thriller",Engaged Reader
264,Aino Korhonen,Female,52,"outgoing, curious, empathetic ",Accountant,"Fiction, Romance, Mystery, Self-Help",Engaged Reader
265,Isabella Silva Costa,Female,47,"Introverted, Curious, Analytical",Accountant,"Non-fiction, Adventure, Memoirs",Thoughtful Reader
266,James Cooper,Male,29,"Curious, empathetic, introspective",Teacher,"Fiction, literary fiction, drama",Engaged Reader
267,James Anderson Smith,Male,32,"Friendly, outgoing, bookworm, adventurous",Marketing Coordinator,"Historical fiction, fantasy",Thoughtful Reader
268,James Thompson,Male,34,"adventurous, analytical, curious",Data Scientist,"Fiction, Memoirs, Mystery",Engaged Reader
269,Emir Y?lmaz,Male,26,"Kind, thoughtful, bookish, introverted",Teacher,"Mystery, Thriller, Suspense",Engaging
270,Sophie Thompson,Female,28,"Introverted, intelligent, imaginative, curious, analytical",Marketing Coordinator,"Legal Thrillers, Mystery",Engaged
271,Mateusz Kowalski,Male,28,"adventurous, curious, empathetic   status",Marketing Coordinator,"Fiction, Fantasy, Comedy  ",Engaged Reader
272,Nikolai Petrovich Ivanov,Male,43,"Introverted, analytical, detail-oriented, organized",Data Scientist,"Literary Fiction, Historical Fiction, Mystery, Self-help",
273,Ethan Thompson,Male,40,"curious, adventurous, analytical",Teacher,"Romance, drama",Engaged Reader
274,Mateusz Kowalski,Male,49,"Kind, adventurous, curious",Marketing Manager,"Mystery, Historical Fiction, Self-Help",Engaged Reader
275,Alice Johansson,Female,31,"Kind, introverted, bookworm, thoughtful",Teacher,"Fiction, Politics, Music",Engaged Reader
276,Aylin Y?lmaz,Female,31,"friendly, inquisitive, bookworm",Librarian,"Romance, drama",Active User
277,Sofia Rossi,Female,28,"Kind, thoughtful, bookish, introverted",Teacher,"Mystery, Historical Fiction, Self-Help","Bookworm, Adventurous Reader"
278,Aylin Y?lmaz,Female,65,"Introverted, intelligent, imaginative, curious, analytical",Marketing Manager,"Fiction, Politics, Music",Bookworm
279,Sofia Lopez,Female,28,"adventurous, curious, empathetic   status",Teacher,"Mystery, Thriller",Active Reader
280,Connor Thompson,Male,49,"Introverted, analytical, detail-oriented, organized",Architect,"Fantasy, Science Fiction",Engaged Reader
281,Emily Johnson,Female,37,"curious, adventurous, analytical",Professor,"Mystery, Thriller, Science Fiction",Engaged Reader
282,Aino Virtanen,Female,43,"Kind, adventurous, curious",Archaeologist,"Fiction, Self-Help, Young Adult ",Engaged Reader
283,Emily Thompson,Female,51,"Kind, introverted, bookworm, thoughtful",Accountant,"Fiction, Historical Fiction, Romance",Engaged Reader
284,Jessica Johnson,Female,51,"friendly, inquisitive, bookworm",Professor,"Fiction, Mystery, Thriller",Thoughtful Reader
285,Michael Johnson,Male,46,"Kind, thoughtful, bookish, introverted",Archaeologist,"Fiction, Romance, Mystery, Self-Help",Engaged Reader
286,Michael Johnson,Male,29,"Introverted, intelligent, imaginative, curious, analytical",Archaeologist,"Non-fiction, Adventure, Memoirs",Thoughtful Reader
287,Emily Thompson,Female,28,"adventurous, curious, empathetic   status",Marketing Coordinator,"Fiction, literary fiction, drama",Engaged Reader
288,Karl Tamm,Male,22,"Introverted, analytical, detail-oriented, organized",Data Scientist,"Historical fiction, fantasy",Engaging
289,Ethan Johnson,Male,22,"curious, adventurous, analytical",Teacher,"Fiction, Memoirs, Mystery",Engaged
290,Olivia Johnson,Female,34,"Kind, adventurous, curious",Marketing Manager,"Mystery, Thriller, Suspense",Engaged Reader
291,Olivia Johnson,Female,62,"Kind, introverted, bookworm, thoughtful",Teacher,"Romance, drama",Engaged Reader
292,Erik Andersen,Male,39,"friendly, inquisitive, bookworm",Librarian,"Mystery, Historical Fiction, Self-Help",Active User
293,Andres Silva,Male,58,"Kind, thoughtful, bookish, introverted",Teacher,"Fiction, Politics, Music","Bookworm, Adventurous Reader"
294,Diego Ramirez,Male,37,"Introverted, intelligent, imaginative, curious, analytical",Marketing Manager,"Romance, drama",Bookworm
295,Tyler Johnson,Male,58,"adventurous, curious, empathetic   status",Teacher,"Mystery, Historical Fiction, Self-Help",Active Reader
296,Nathan Thompson,Male,58,"Introverted, analytical, detail-oriented, organized",Marketing Coordinator,"Fiction, Politics, Music",Engaged Reader
297,Samantha Lopez,Female,32,"curious, adventurous, analytical",Data Scientist,"Mystery, Thriller",Engaged Reader
298,Santiago Lopez,Male,54,"Kind, adventurous, curious",Teacher,"Fantasy, Science Fiction",Engaged Reader
299,Ingrid Hansen,Female,30,"Kind, introverted, bookworm, thoughtful",Marketing Manager,"Mystery, Thriller, Science Fiction",Engaged Reader
300,Ava Thompson,Female,47,"friendly, inquisitive, bookworm",Teacher,"Fiction, Self-Help, Young Adult ",Thoughtful Reader
301,Brian Johnson,Male,32,"intelligent, witty, adventurous ",Librarian,"Fiction, Historical Fiction, Romance",Engaged Reader
302,Emily Johnson,Female,26,"Intelligent, Curious, Analytical, Creative, Open-minded",Teacher,"Fiction, Mystery, Thriller",Thoughtful Reader
303,Erik Hansen,Male,33,"Kind, thoughtful, empathetic",Marketing Manager,"Fiction, Romance, Mystery, Self-Help",Engaged Reader
304,Elias Järvinen,Male,22,"intellectual, adventurous, insightful",Teacher,"Non-fiction, Adventure, Memoirs",Engaging
305,Miguel Costa,Male,28,"Intellectual, empathetic, curious",Marketing Coordinator,"Fiction, literary fiction, drama",Engaged
306,Connor Thompson,Male,28,"Introverted, analytical, curious",Data Scientist,"Historical fiction, fantasy",Engaged Reader
307,Harry Thompson,Male,30,"Intelligent, curious, adventurous",Teacher,"Fiction, Memoirs, Mystery",Engaged Reader
308,James Bennett,Male,37,"organized, analytical, curious",Marketing Manager,"Mystery, Thriller, Suspense",Active User
309,Sophie Müller,Female,57,"outgoing, curious, empathetic ",Teacher,"Romance, drama","Bookworm, Adventurous Reader"
310,Alejandro Lopez,Male,36,"Introverted, Curious, Analytical",Librarian,"Mystery, Historical Fiction, Self-Help",Bookworm
311,Samantha Johnson,Female,24,"Curious, empathetic, introspective",Teacher,"Fiction, Politics, Music",Active Reader
312,Nora Johansen,Female,35,"Friendly, outgoing, bookworm, adventurous",Marketing Manager,"Mystery, Thriller",Engaged Reader
313,Sophia Papadopoulos,Female,24,"adventurous, analytical, curious",Teacher,"Fantasy, Science Fiction",Engaged Reader
314,Liam Harrison,Male,38,"Kind, thoughtful, bookish, introverted",Marketing Coordinator,"Mystery, Thriller, Science Fiction",Engaged Reader
315,Harry Thompson,Male,22,"Introverted, intelligent, imaginative, curious, analytical",Data Scientist,"Fiction, Self-Help, Young Adult ",Engaged Reader
316,Ethan Thompson,Male,34,"adventurous, curious, empathetic   status",Teacher,"Fiction, Historical Fiction, Romance",Thoughtful Reader
317,Isabella Thompson,Female,43,"Introverted, analytical, detail-oriented, organized",Marketing Manager,"Fiction, Mystery, Thriller",Engaged Reader
318,Ethan Johnson,Male,34,"curious, adventurous, analytical",Teacher,"Fiction, Romance, Mystery, Self-Help",Thoughtful Reader
319,Giulia Rossi,Female,57,"Kind, adventurous, curious",Librarian,"Non-fiction, Adventure, Memoirs",Engaged Reader
320,Eleanor Thompson,Female,55,"Kind, introverted, bookworm, thoughtful",Teacher,"Fiction, literary fiction, drama",Engaging
321,Maria Lopez,Female,43,"friendly, inquisitive, bookworm",Marketing Manager,"Historical fiction, fantasy",Engaged
322,Lucas Oliveira Santos,Male,35,"Kind, thoughtful, bookish, introverted",Teacher,"Fiction, Memoirs, Mystery",Engaged Reader
323,Oliver Thompson,Male,37,"Introverted, intelligent, imaginative, curious, analytical",Marketing Coordinator,"Mystery, Thriller, Suspense",Engaged Reader
324,Sean O'Connor,Male,48,"adventurous, curious, empathetic   status",Data Scientist,"Romance, drama",Engaged Reader
325,Ava Johnson,Female,25,"Introverted, analytical, detail-oriented, organized",Teacher,"Mystery, Historical Fiction, Self-Help",Engaged Reader
326,Sophie Dubois,Female,45,"curious, adventurous, analytical",Marketing Manager,"Fiction, Politics, Music",Active User
327,Emily Thompson,Female,23,"Kind, adventurous, curious",Teacher,"Mystery, Thriller","Bookworm, Adventurous Reader"
328,James Thompson,Male,45,"Kind, introverted, bookworm, thoughtful",Librarian,"Fantasy, Science Fiction",Bookworm
329,James Thompson,Male,51,"friendly, inquisitive, bookworm",Teacher,"Mystery, Thriller, Science Fiction",Active Reader
330,Elias Järvinen,Male,34,"Kind, thoughtful, bookish, introverted",Marketing Manager,"Fiction, Self-Help, Young Adult ",Engaged Reader
331,Ethan Johnson,Male,56,"Introverted, intelligent, imaginative, curious, analytical",Teacher,"Fiction, Historical Fiction, Romance",Engaged Reader
332,Giovanni Rossi,Male,36,"adventurous, curious, empathetic   status",Marketing Coordinator,"Fiction, Mystery, Thriller",Engaged Reader
333,Diego Ramirez,Male,38,"Introverted, analytical, detail-oriented, organized",Data Scientist,"Fiction, Romance, Mystery, Self-Help",Engaged Reader
334,Marek Kowalski,Male,31,"curious, adventurous, analytical",Teacher,"Non-fiction, Adventure, Memoirs",Thoughtful Reader
335,Lukas Müller,Male,31,"Kind, adventurous, curious",Marketing Manager,"Fiction, literary fiction, drama",Engaged Reader
336,Emilia Andersson,Female,33,"Kind, introverted, bookworm, thoughtful",Teacher,"Historical fiction, fantasy",Thoughtful Reader
337,Natalia Kowalska,Female,36,"friendly, inquisitive, bookworm",Librarian,"Fiction, Memoirs, Mystery",Engaged Reader
338,Ethan Thompson,Male,39,"Intelligent, Curious, Imaginative, Friendly",Teacher,"Mystery, Thriller, Suspense",Engaging
339,Connor Jenkins,Male,41,"organized, analytical, outgoing",Marketing Manager,"Fiction, Romance, Mystery, Self-Help",Engaged
340,Lars van der Meer,Male,56,"intelligent, witty, adventurous ",Teacher,"Non-fiction, Adventure, Memoirs",Engaged Reader
341,Aylin Y?lmaz,Female,28,"Intelligent, Curious, Analytical, Creative, Open-minded",Artist,"Fiction, literary fiction, drama",Engaged Reader
342,Juan Martinez,Male,52,"Kind, thoughtful, empathetic",Teacher,"Historical fiction, fantasy",Engaged Reader
343,Aylin Y?lmaz,Female,44,"intellectual, adventurous, insightful",Psychologist,"Fiction, Memoirs, Mystery",Thoughtful Reader
344,Ricardo Silva,Male,32,"Intellectual, empathetic, curious",Teacher,"Mystery, Thriller, Suspense",Engaged Reader
345,Hans Zimmermann,Male,32,"Introverted, analytical, curious",Psychologist,"romance, mystery, thriller",Thoughtful Reader
346,Maria Hernandez,Female,41,"Intelligent, curious, adventurous",librarian,"Fiction, Romance, Self-help",Engaged Reader
347,James Thompson,Male,38,"organized, analytical, curious",Teacher,"Fiction, Romance, Mystery",Engaging
348,Connor Thompson,Male,35,"outgoing, curious, empathetic ",Teacher,"Fiction, coming-of-age stories",Engaged
349,Andrei Popescu,Male,46,"Introverted, Curious, Analytical",Psychologist,"Fiction, Romance, Mystery, Self-Help",Engaged Reader
350,Eleanor Thompson,Female,27,"Curious, empathetic, introspective",librarian,"Non-fiction, Adventure, Memoirs",Engaged Reader
351,Erik Johansen,Male,41,"Friendly, outgoing, bookworm, adventurous",Teacher,"Fiction, literary fiction, drama",Engaged Reader
352,Nathan Johnson,Male,43,"adventurous, analytical, curious",Accountant,"Historical fiction, fantasy",Engaged Reader
353,Sophie Thompson,Female,34,"Kind, thoughtful, bookish, introverted",Accountant,"Fiction, Memoirs, Mystery",Thoughtful Reader
354,Louis Dupont,Male,41,"Introverted, intelligent, imaginative, curious, analytical",Marketing Coordinator,"Mystery, Thriller, Suspense",Engaged Reader
355,Maria Kowalska,Female,29,"adventurous, curious, empathetic   status",Data Scientist,"romance, mystery, thriller",Thoughtful Reader
356,Sophie Thompson,Female,25,"Introverted, analytical, detail-oriented, organized",Teacher,"Fiction, Romance, Self-help",Engaged Reader
357,Rohan Patel,Male,21,"curious, adventurous, analytical",Marketing Manager,"Fiction, Romance, Mystery",Engaging
358,Thomas Johnson,Male,51,"Kind, adventurous, curious",Nurse,"Fiction, coming-of-age stories",Engaged
359,Maria Rodriguez,Female,32,"Kind, introverted, bookworm, thoughtful",Data Scientist,"Fiction, Romance, Mystery, Self-Help",Engaged Reader
360,Hannah Johnson,Female,25,"friendly, inquisitive, bookworm",Student,"Non-fiction, Adventure, Memoirs",Engaged Reader
361,Erik Johansson,Male,34,"Kind, thoughtful, bookish, introverted",Marketing Coordinator,"Fiction, literary fiction, drama",Engaged Reader
362,Samantha Johnson,Female,44,"Introverted, intelligent, imaginative, curious, analytical",Data Scientist,"Historical fiction, fantasy",Thoughtful Reader
363,Andras Kovacs,Male,35,"adventurous, curious, empathetic   status",Teacher,"Fiction, Memoirs, Mystery",Engaged Reader
364,Sophie Thompson,Female,35,"Introverted, analytical, detail-oriented, organized",Marketing Manager,"Mystery, Thriller, Suspense",Thoughtful Reader
365,Sophia Williams,Female,28,"curious, adventurous, analytical",Teacher,"romance, mystery, thriller",Engaged Reader
366,Erik Johansson,Male,25,"Kind, adventurous, curious",Librarian,"Fiction, Romance, Self-help",Engaging
367,Emir Y?lmaz,Male,34,"Kind, introverted, bookworm, thoughtful",Marketing Coordinator,"Fiction, Romance, Mystery",Engaged
368,Samantha Roberts,Female,40,"friendly, inquisitive, bookworm",Data Scientist,"Fiction, coming-of-age stories",Engaged Reader
369,Nathalie Wongsuphasawat,Female,26,"organized, analytical, outgoing",Teacher,"Fiction, Romance, Mystery, Self-Help",Engaged Reader
370,Louis Dubois,Male,27,"intelligent, witty, adventurous ",Marketing Manager,"Non-fiction, Adventure, Memoirs",Engaged Reader
371,Sophie van der Meulen,Female,39,"Intelligent, Curious, Analytical, Creative, Open-minded",Marketing Coordinator,"Fiction, literary fiction, drama",Engaged Reader
372,Petra Novakova,Female,19,"Kind, thoughtful, empathetic",Data Scientist,"Historical fiction, fantasy",Engaged Reader
373,Sofia Rossi,Female,43,"intellectual, adventurous, insightful",Teacher,"Fiction, Memoirs, Mystery",Thoughtful Reader
374,Marek Kowalski,Male,51,"Intellectual, empathetic, curious",Marketing Manager,"Mystery, Thriller, Suspense",Engaged Reader
375,Maria Garcia López,Female,55,"Introverted, analytical, curious",Teacher,"romance, mystery, thriller",Thoughtful Reader
376,Diego Martinez,Male,25,"Intelligent, curious, adventurous",Librarian,"Fiction, Romance, Self-help",Engaged Reader
377,Emily Johnson,Female,23,"organized, analytical, curious",Student,"Fiction, Romance, Mystery",Engaging
378,Sophia Johnson,Female,34,"outgoing, curious, empathetic ",Data Scientist,"Fiction, coming-of-age stories",Engaged
379,Jasper van der Linden,Male,32,"Introverted, Curious, Analytical",Psychologist,"Fiction, Romance, Mystery, Self-Help",Engaged Reader
380,Elena Kova?ová,Female,32,"Curious, empathetic, introspective",Librarian,"Non-fiction, Adventure, Memoirs",Engaged Reader
381,Sophie Thompson,Female,22,"Friendly, outgoing, bookworm, adventurous",Professor,"Fiction, literary fiction, drama",Engaged Reader
382,Erik Andersson,Male,54,"adventurous, analytical, curious",Librarian,"Historical fiction, fantasy",Engaged Reader
383,Onur Y?lmaz,Male,46,"Kind, thoughtful, bookish, introverted",Professor,"Fiction, Memoirs, Mystery",Active User
384,Mia Hansen,Female,14,"Introverted, intelligent, imaginative, curious, analytical",Marketing Coordinator,"Mystery, Thriller, Suspense","Bookworm, Adventurous Reader"
385,Ethan Johnson,Male,58,"adventurous, curious, empathetic   status",Marketing Coordinator,"romance, mystery, thriller",Bookworm
386,Michael Johnson,Male,32,"Introverted, analytical, detail-oriented, organized",Data Scientist,"Fiction, Romance, Self-help",Active Reader
387,Nathan Thompson,Male,29,"curious, adventurous, analytical",Teacher,"Fiction, Romance, Mystery",Engaged Reader
388,Antoine Dubois,Male,37,"Kind, adventurous, curious",Marketing Manager,"Fiction, coming-of-age stories",Engaged Reader
389,Ryan Johnson,Male,32,"Kind, introverted, bookworm, thoughtful",Teacher,"Fiction, Romance, Mystery, Self-Help",Engaged Reader
390,Ethan Thompson,Male,25,"friendly, inquisitive, bookworm",Librarian,"Non-fiction, Adventure, Memoirs",Engaged Reader
391,Maxime De Vries,Male,50,"Kind, thoughtful, bookish, introverted",Architect,"Fiction, literary fiction, drama",Thoughtful Reader
392,Bence Kovács,Male,32,"Introverted, intelligent, imaginative, curious, analytical",Marketing Coordinator,"Historical fiction, fantasy",Engaged Reader
393,Erik Johansson,Male,48,"adventurous, curious, empathetic   status",Data Scientist,"Fiction, Memoirs, Mystery",Thoughtful Reader
394,Isabela Santos da Silva,Female,20,"Introverted, analytical, detail-oriented, organized",Teacher,"Mystery, Thriller, Suspense",Engaged Reader
395,Antoine Dubois,Male,48,"curious, adventurous, analytical",Marketing Manager,"romance, mystery, thriller",Engaging
396,Zuzanna Nowak,Female,44,"Kind, thoughtful, bookish, introverted",Teacher,"Fiction, Romance, Self-help",Engaged
397,Oliver Thompson,Male,42,"Introverted, intelligent, imaginative, curious, analytical",Librarian,"Fiction, Romance, Mystery",Engaged Reader
398,Emily Roberts,Female,25,"adventurous, curious, empathetic   status",Marketing Coordinator,"Fiction, coming-of-age stories",Engaged Reader
399,Connor Thompson,Male,33,"Introverted, analytical, detail-oriented, organized",Marketing Coordinator,"Fiction, Romance, Mystery, Self-Help",Engaged Reader
400,Sofia Järvinen,Female,33,"curious, adventurous, analytical",Data Scientist,"Non-fiction, Adventure, Memoirs",Active User
401,Eren Y?lmaz,Male,30,"Kind, adventurous, curious",Teacher,"Fiction, literary fiction, drama","Bookworm, Adventurous Reader"
402,Sophie Williams,Female,47,"Kind, introverted, bookworm, thoughtful",Marketing Manager,"Historical fiction, fantasy",Bookworm
403,Noah Johnson,Male,33,"friendly, inquisitive, bookworm",Teacher,"Fiction, Memoirs, Mystery",Active Reader
404,Lucas Van den Berg,Male,33,"organized, analytical, outgoing",Librarian,"Mystery, Thriller, Suspense",Engaged Reader
405,James Cooper,Male,38,"intelligent, witty, adventurous ",Teacher,"romance, mystery, thriller",Engaged Reader
406,James Thompson,Male,19,"Intelligent, Curious, Analytical, Creative, Open-minded",Student,"Fiction, Romance, Self-help",Engaged Reader
