user_id,gender,age,country,registered,name,status,interest,feature,traits
1,male,22.0,United States,"Oct 30, 2005",Michael Johnson,Music Enthusiast,"electronic, house, electro-funk, synth-pop, hip-hop, electronica, punk rock, alternative rock, rock, psychedelic, blues, downtempo, chillout",Diverse Music Enthusiast,"adventurous, energetic, creative, open-minded"
2,male,23.0,Slovakia,"Sep 28, 2006",Peter Novak,Music Enthusiast,"hip-hop, electronic, rap, pop, rock, r&b, electropop, live, indie, folk, alternative, alternative rock, pop rock, trap, ambient, classical",Active listener,"adventurous, energetic, creative, open-minded"
3,female,19.0,United States,"Jan 13, 2007",Hannah Johnson,Student,"indie, alternative, rock, hard rock, symphonic metal, power metal, gothic metal, experimental, psychedelic folk, classical, pop, easy listening, acoustic, alternative metal, gothic rock, darkwave, gothic, industrial",Active listener,"adventurous, creative, open-minded, passionate, edgy"
4,male,19.0,Poland,"May 4, 2006",Mateusz Kowalski,Music Enthusiast,"hip-hop, rap, electronic, big beat, techno, rock, nu metal, alternative metal, alternative rock, pop, r&b, house, garage, trance, progressive house, funk, folk pop, grime, dance, industrial,",Active listener,"adventurous, energetic, creative, open-minded"
5,male,21.0,Finland,"Sep 8, 2005",Elias Järvinen,Student,No genres of music rated 5 were provided.,Frequent Rater,"energetic, creative, adventurous, open-minded, diverse"
6,female,28.0,United States,"Mar 30, 2005",Emily Johnson,Professional Musician,The user interest for this user would be:,Engaged listener,"upbeat, expressive, passionate, soulful, emotional"
7,female,25.0,Romania,"Sep 25, 2006",Andreea Popescu,Music Enthusiast,"electropop, experimental, alternative, rock, electronic, synthpop, indie, dream pop, pop, progressive rock, progressive metal, singer-songwriter, indie folk, folk, metal, ambient, doom metal, avant-garde, post-hard",Diverse Music Enthusiast,"adventurous, creative, open-minded, introspective, eclectic"
8,male,22.0,Morocco,"Aug 27, 2007",Youssef Ahmed,Music Producer,"No genres of music rated 5 were provided for this user, therefore it is not possible to generate a list of user interests based on music preferences.",Engaged listener,"passionate, lively, cultural, artistic, expressive"
9,female,29.0,Mexico,"Nov 10, 2005",Maria Rodriguez,Music Enthusiast,"rock, garage rock, alternative rock, progressive rock, experimental rock, indie rock, hip-hop, electronic, trip-hop, electronica, alternative metal, hard rock, grunge, post-grunge, downtempo, post-punk revival, post",Diverse Music Enthusiast,"rebellious, creative, open-minded, introspective, eclectic"
10,female,27.0,Germany,"Jul 24, 2006",Sophie Müller,Music Enthusiast,"indie rock, alternative rock, new wave, rock, pop, space rock, progressive, electronic, progressive rock, experimental, garage rock, post-punk",Active listener,"adventurous, creative, open-minded"
11,male,27.0,Canada,"Mar 16, 2005",Ethan Thompson,Musician,No genres of music rated 5 provided for user_id 11.,Active listener,"adventurous, energetic, creative, open-minded"
12,male,38.0,United Kingdom,"May 14, 2006",Henry Johnson,Music Critic,"indie, folk, rock, alternative, dream pop, shoegaze, experimental, electronic, ambient, twee pop, alternative rock, dance",Diverse Listener,"creative, open-minded, eclectic, introspective, imaginative"
13,female,25.0,United States,"Oct 3, 2004",Sarah Johnson,Music enthusiast.,"rock, pop, indie, folk, alternative rock, americana, experimental, electronic, trip-hop, downtempo",Diverse Music Enthusiast,"adventurous, creative, open-minded"
14,male,22.0,Turkey,"Dec 21, 2005",Mustafa Arslan,Music Enthusiast,"progressive metal, alternative metal, progressive rock, alternative, rock, alternative rock, metal, post-rock, electronic, trip-hop, downtempo, grunge, indie, indie rock, jazz, classical, violin concerto, adagio,",Diverse Music Enthusiast,"adventurous, creative, open-minded, introspective, eclectic"
15,male,24.0,United States,"Jul 25, 2005",Nathan Johnson,Music Enthusiast,"alternative, garage rock, blues rock, hip-hop, electronic, rap, post-hardcore, punk, dance, trance, indie rock, alternative rock, post-punk revival, rock, indie, hip-hop/rap, pop, r&b",Diverse Music Enthusiast,"adventurous, energetic, creative, open-minded"
16,male,20.0,United Kingdom,"Nov 19, 2005",Liam Thompson,Student,empty,Engaged listener,"energetic, youthful, fun-loving, upbeat"
17,male,23.0,Italy,"Feb 28, 2005",Luca Rossi,Metal Music Enthusiast,"rock, funk, alternative, metal, symphonic metal, power metal, folk metal, gothic metal, classic rock, progressive metal, atmospheric rock, alternative rock, progressive rock, death-doom, eurodance, house",Diverse Music Enthusiast,"adventurous, energetic, creative, open-minded"
18,female,20.0,Poland,"Dec 23, 2005",Anna Kowalska,Music Enthusiast,"pop, rock, alternative, experimental, metal, indie, singer-songwriter, j-rock, visual kei, gothic, alternative metal, electronic, industrial, classical, orchestral, video game, progressive metal.",Diverse Music Enthusiast,"adventurous, energetic, creative, open-minded"
19,female,35.0,Brazil,"Sep 15, 2005",Ana Silva Santos,Music Teacher,,Engaged listener,"passionate, vibrant, expressive, lively, rhythmic"
20,male,22.0,Australia,"Mar 7, 2005",Connor Thompson,Music Producer,"electronic, experimental, ambient, techno",Eclectic listener,"adventurous, creative, open-minded"
21,female,21.0,Mexico,"Feb 19, 2007",Maria Hernandez,Music Enthusiast,"electronic, synthpop, experimental, electropop, indie, pop, alternative, post-punk, new wave, rock, punk, indie folk, folk, metal, industrial, neue deutsche härte, international, cabaret, regga",Diverse Music Enthusiast,"adventurous, creative, open-minded"
22,male,29.0,Russian Federation,"Jul 6, 2006",Dmitri Petrov,Industrial Music Producer,"industrial, ebm, dark electro, electronic, aggrotech, electro",Active listener,"rebellious, edgy, intense, futuristic, energetic"
23,male,21.0,United Kingdom,"Jun 4, 2006",Oliver Thompson,Music Enthusiast,"rock, pop, alternative, post-hardcore, emo, punk, pop-rock, pop-punk, alternative rock, progressive rock, acoustic, metalcore, heavy metal, hard rock, hip-hop, rap, gangsta rap, r&b",Diverse Music Enthusiast,"adventurous, energetic, creative, open-minded"
24,female,21.0,Germany,"Apr 21, 2006",Sophia Müller,Musician,"indie rock, alternative rock, electronic, dance, electronica, techno, house, disco, progressive, indie pop, nu rave, psychedelic pop, art pop, post-punk, classical, instrumental, soundtrack, punk, garage rock, folk",Active listener,"adventurous, creative, open-minded"
25,male,30.0,Sweden,"Jun 14, 2005",Erik Nilsson,Music Producer,"pop, acoustic, soft rock, electronic, synthpop, ebm, futurepop, electro, industrial, alternative, big beat",Electronic Enthusiast,"creative, open-minded, tech-savvy, innovative, unconventional"
26,female,24.0,United States,"Dec 29, 2005",Sophia Rodriguez,Music Enthusiast,"electropop, alternative pop, electro, hip-hop, dance-punk, pop, disco, glam rock, rock, indie, electronic, ambient, idm, folk, experimental, post-rock, instrumental, art rock, indie rock, experimental",Diverse Music Enthusiast,"adventurous, creative, open-minded, introspective, experimental"
27,female,26.0,United States,"Mar 18, 2006",Sarah Johnson,Professional Musician,"country music, pop, electronic",Engaged listener,"passionate, emotional, introspective, artistic, expressive"
28,female,21.0,Italy,"Feb 27, 2007",Sofia Rossi,Music Enthusiast,"symphonic metal, gothic metal, power metal, folk, rock, alternative rock, pop, alternative, dark rock, gothic rock, alternative metal, metal, celtic, classical, soundtrack, progressive metal, speed metal, r",Diverse Music Enthusiast,"passionate, creative, imaginative, emotional, open-minded"
29,male,29.0,Chile,"Jul 9, 2006",Mateo Fernandez,Music Enthusiast,"alternative, indie, post-punk, pop, punk, hip-hop, rap, soft rock, acoustic, nu metal, progressive metal, progressive rock, grunge, britpop, dance, new wave, dance pop, eurodance, latin,",Diverse music taste,"adventurous, energetic, creative, open-minded, rebellious"
30,male,24.0,Greece,"Apr 23, 2007",Nikos Papadopoulos,Metal Music Enthusiast,"progressive metal, death metal, metal, thrash metal, heavy metal, hard rock, hardcore, rock, metalcore, melodic death metal, gothic rock, alternative metal, heavy metal, groove metal, alternative, indie, post-rock",Metal Enthusiast,"intense, rebellious, passionate, bold, edgy"
31,female,19.0,Croatia,"Aug 26, 2006",Ana Novaković,Music Enthusiast,"dance, electronic, pop, r&b, hip hop, soul, country, rockabilly, symphonic metal, power metal, gothic metal, metal, alternative pop, hip-hop, rock, metalcore, melodic death metal",Diverse Music Enthusiast,"passionate, diverse, adventurous, rebellious, intense"
32,male,33.0,Italy,"Dec 29, 2006",Marco Rossi,Music Enthusiast,"britpop, alternative rock, rock, indie rock, pop, electronic, progressive, indie, post-punk revival, dance-rock, grunge, indie pop, post-punk, indie-rock, acoustic",Diverse Music Enthusiast,"adventurous, creative, open-minded"
33,female,24.0,United Kingdom,"Feb 10, 2006",Sophie Thompson,Music Enthusiast,"indie, alternative, electropop, rock, pop, folk, indie rock, alternative rock, baroque pop, indie pop",Indie Enthusiast,"adventurous, creative, open-minded"
34,female,25.0,Brazil,"Aug 10, 2006",Isabela Silva Santos,Music Enthusiast,"indie, alternative, folk, indie rock, alternative rock, new wave, trip-hop, electronica, pop, dance pop, electropop, post-punk, post-punk revival, indie dance, synthpop, electronic, funk,",Eclectic music enthusiast,"creative, alternative, indie, open-minded, eclectic"
35,male,20.0,Russian Federation,"Oct 16, 2006",Ivan Petrov,Music Enthusiast,"pop, soft rock, soundtrack, rock",Diverse Music Enthusiast,"upbeat, sentimental, diverse, energetic"
36,male,29.0,Germany,"Nov 30, 2005",Maximilian Schneider,Professional Musician,"The user interest based on the genres of music rated 5 are: pop, electronic.",Engaged listener,"serious, analytical, organized, detail-oriented, disciplined"
37,male,28.0,Brazil,"Nov 30, 2004",Lucas Oliveira,Musician,"rock, hard rock, heavy metal, punk",Rock Enthusiast,"rebellious, energetic, edgy, passionate"
38,male,21.0,Serbia,"Aug 6, 2006",Marko Petrović,Music Enthusiast,"pop, easy listening, jazz, pop rock, alternative rock, electronic, synthpop, soundtrack, ambient, classical, experimental, dance pop, electropop, world, tango, indietronica, indie, shoegaze, adult",Diverse music taste,"creative, adventurous, open-minded, energetic, expressive, eclectic"
39,male,22.0,United States,"Jan 15, 2006",Joshua Thompson,Music Enthusiast,"synthpop, electropop, pop, dance",Dance music enthusiast,"energetic, upbeat, fun-loving, outgoing"
40,male,17.0,United Kingdom,"Aug 27, 2006",James Thompson,Music Enthusiast,"alternative, pop-rock, punk, rock, post-hardcore, metal, hard rock, pop, emo, alternative rock, funk rock, indie rock, progressive, hip-hop, nu metal, alternative metal, metalcore, thrash metal, mel",Diverse Music Enthusiast,"rebellious, passionate, edgy, eclectic, bold"
41,female,24.0,Poland,"Feb 28, 2006",Karolina Kowalska,Music Enthusiast,"indie, folk, pop, rock, psychedelic, country, rockabilly, noise pop, punk, alternative, garage rock, jazz, singer-songwriter, hard rock, baroque pop, trip hop, electronic, experimental, indie pop,",Eclectic music enthusiast,"adventurous, creative, open-minded, eclectic"
42,female,24.0,United States,"Sep 9, 2005",Samantha Thompson,Music Blogger,"britpop, alternative rock, folk, indie folk, acoustic, electronic, trip hop, downtempo",Eclectic listener,"artistic, introspective, eclectic, creative, indie-minded, contemplative"
43,female,22.0,United States,"Oct 11, 2005",Emily Thompson,Student,No genres of music rated 5 were provided for this user.,Active listener,"passionate, emotional, artistic, expressive, sentimental"
44,female,22.0,Poland,"Sep 25, 2005",Natalia Kowalska,Music Enthusiast,"pop, punk, rock, classic rock, hard rock, metal, alternative rock, post-grunge, symphonic metal, cello metal, progressive rock, alternative, progressive metal, death metal, neo-prog, hip-hop, indie,",Diverse Music Enthusiast,"adventurous, energetic, creative, open-minded"
45,male,21.0,Finland,"Dec 19, 2005",Elias Koskinen,Student,"indie, alternative, rock, classic rock, folk, singer-songwriter, folk rock, metal, industrial, new wave, post-punk, world",Diverse Music Enthusiast,"adventurous, creative, open-minded"
46,male,35.0,United States,"Oct 23, 2005",Michael Johnson,Music Producer,"electronic, alternative dance, indie rock, indie folk, acoustic, folk, alternative rock, pop, post-punk revival, post-punk, electro, hip-hop, mashup, experimental, glitch",Diverse Music Enthusiast,"creative, open-minded, eclectic, laid-back, introspective"
47,female,20.0,United States,"May 9, 2006",Sophia Rodriguez,Student,"j-pop, r&b, pop, dance-pop, rock, metal, alternative, japanese, trance, unknown",Diverse Music Enthusiast,"adventurous, energetic, creative, open-minded"
48,male,36.0,Canada,"Mar 8, 2005",Ethan McKenzie,Music Producer,"alternative, baroque pop, pop rock, country, rock, indie rock, electronic, latin, jazz, world",Diverse Music Enthusiast,"adventurous, creative, open-minded"
49,male,23.0,United States,"Jul 13, 2005",James Johnson,Music Blogger,"indie, alternative, rock, pop, hip-hop, rap, electronic, metal, pop punk, alternative metal, hard rock, metalcore, indie pop, dream pop",Diverse Music Enthusiast,"creative, adventurous, open-minded, energetic"
50,male,7.0,Netherlands,"Dec 13, 2005",Finn van der Linden,Student,"indie rock, post-punk revival, metal, alternative, rock, grunge, alternative rock, punk, art rock, acoustic, gothic rock, new wave, darkwave, experimental, garage rock, doom metal, psychedelic rock, garage",Active listener,"rebellious, introspective, eclectic, edgy, nonconformist, passionate"
51,female,25.0,Armenia,"Nov 22, 2006",Ani Baghdasaryan,Music Enthusiast,"indie rock, alternative rock, electronic, pop, r&b, folk, acoustic, post-rock, ambient, post-punk revival, classical, soundtrack, experimental, dance pop, electropop, trip-hop, latin, ballad",Diverse Music Enthusiast,"adventurous, creative, open-minded, introspective, eclectic"
52,male,34.0,United Kingdom,"May 31, 2007",James Harrison,Music Journalist,"metal, thrash metal, pop, dance, heavy metal, groove metal, hip hop, grime, grunge, alternative rock, punk, hard rock, industrial, r&b, latin.",Diverse Music Enthusiast,"rebellious, edgy, energetic, intense, passionate, rebellious"
53,male,35.0,Turkey,"Jun 9, 2005",Emre Yılmaz,Music Producer,"electronic, ambient, experimental, post-rock",Diverse Listener,"adventurous, creative, open-minded"
54,female,20.0,Romania,"Jun 4, 2006",Alexandra Popescu,Student,"alternative, rock, electronic, indie, post-punk, folk, americana, grunge, indie folk, acoustic, post-grunge, indie rock, experimental, post-rock, country",Diverse music explorer,"adventurous, creative, open-minded"
55,male,38.0,Germany,"Nov 26, 2005",Lukas Schmidt,Music Producer,"electronic, dance, post-punk, dance punk, indie rock, alternative, dance-punk, experimental, math rock, post-rock, ambient, drone, electroacoustic, bossa nova, mpb, tropicalia",Diverse Music Explorer,"adventurous, energetic, creative, open-minded"
56,female,27.0,Poland,"Oct 10, 2005",Natalia Kowalska,Music Producer,"electronic, house, downtempo, trip-hop, trip hop, lounge, electronica, ambient, nu-disco, synthpop, dream pop, chillout, alternative, folk, jazz, post-rock, alternative hip hop, experimental, id",Diverse music taste,"creative, open-minded, eclectic, adventurous, sophisticated"
57,female,34.0,United States,"Jul 18, 2006",Emily Roberts,Music Enthusiast,"pop, hip-hop, r&b, electronica, indie rock, post-punk, alternative, experimental, psychedelic, electronic, shoegaze, noise pop, synthpop, indie electro, indie pop, folk, chamber pop, singer-song",Diverse Music Enthusiast,"adventurous, creative, open-minded"
58,female,20.0,Poland,"Jan 29, 2006",Kasia Nowak,Music Enthusiast,"folk, baroque pop, chamber pop, alternative, bossa nova, indie pop, cover, indie rock, post-punk, indie, pop, indie folk, alternative rock, electronic, synth-pop, rock, post-rock, chanson,",Diverse music taste,"eclectic, creative, artistic, open-minded"
59,female,19.0,Bulgaria,"May 24, 2007",Maria Ivanova,Music Enthusiast,"alternative, grunge, rock, punk, indie, metal, funk, soul, jazz, fusion, classical, baroque",Diverse Music Enthusiast,"rebellious, edgy, independent, introspective, nonconformist"
60,male,18.0,Venezuela,"Dec 4, 2005",Diego Hernandez,Student,"alternative, rock, punk, funk rock, pop, dance, electronic, indie electro, electropop, post-hardcore, r&b, soul, hip-hop, dance-pop, crunkcore, pop punk, electronica, house",Diverse music taste,"adventurous, energetic, creative, open-minded"
61,female,18.0,Croatia,"May 14, 2007",Ana Kovačić,Student,"rock, alternative, metal, rap, hip-hop, funk metal, acoustic, folk, americana, indie rock, punk, hardcore, melodic hardcore, folk rock, protest music, reggae, ska, dub, electronic, dancehall,",Diverse music enthusiast,"adventurous, energetic, rebellious, passionate, eclectic"
62,female,18.0,Poland,"Oct 5, 2006",Natalia Kowalska,Student,"britpop, alternative rock, metal, thrash metal, heavy metal, groove metal, electronic, punk, rock, electro-punk, industrial rock, metalcore, hard rock, indie rock, hardcore punk, post-hardcore",Diverse Music Enthusiast,"adventurous, energetic, rebellious, edgy, intense"
63,male,25.0,Turkey,"Mar 13, 2005",Emre Kaya,Music Enthusiast,"rock, garage rock, alternative rock, britpop, indie rock, folk rock, new wave, pop, progressive, folk, singer-songwriter, punk, indie folk, acoustic, post-punk, chanson, french pop, traditional pop,",Diverse Music Enthusiast,"adventurous, energetic, creative, open-minded"
64,female,27.0,United States,"Dec 25, 2005",Lily Thompson,Music Lover,"pop, reggae",Diverse Music Enthusiast,"upbeat, lively, free-spirited"
65,male,20.0,Sweden,"Aug 20, 2005",Anton Johansson,Music Enthusiast,"electronic, indie pop, indie, folk, world, punk, post-punk, experimental, rock, baroque pop, americana, techno, house, psychedelic folk, acoustic, dream pop, instrumental, alternative rock, ambient, avant-g",Diverse Listener,"adventurous, creative, open-minded, eclectic, experimental"
66,female,27.0,United Kingdom,"Mar 18, 2007",Sophie Evans,Music Producer,"electronic, experimental, ambient, minimalism",Diverse Music Enthusiast,"adventurous, creative, open-minded"
67,male,30.0,Turkey,"Nov 10, 2005",Murat Yılmaz,Music Producer,"synthpop, dance-pop, electronic, indie pop, house, disco, folk, traditional, turkish pop, ballad, classical, turkish music",Diverse music taste,"creative, energetic, outgoing, sociable, optimistic"
68,male,20.0,United Kingdom,"Dec 6, 2005",Oliver Thompson,Music Enthusiast,"indie rock, post-punk, indie, alternative, electronic, experimental, progressive, art rock, folk, singer-songwriter",Diverse music explorer,"adventurous, creative, open-minded"
69,male,22.0,Poland,"Mar 2, 2007",Mateusz Kowalski,Music Enthusiast,"industrial, alternative rock, electronic, ebm, dark ambient, neoclassical, darkwave, ethereal wave",Diverse Music Explorer,"introspective, creative, deep, mysterious"
70,female,25.0,Finland,"Feb 20, 2006",Aino Korhonen,Music Enthusiast,"pop, r&b, hip hop, indie, alternative, rock, rap, soul, ballad, singer-songwriter, latin",Diverse music taste,"adventurous, creative, open-minded"
71,female,22.0,Brazil,"Jun 17, 2006",Isabella Silva Costa,Music Enthusiast,"indie rock, garage rock, alternative rock, rock, indie, electronic, dance",Active listener,"adventurous, energetic, creative, open-minded"
72,male,21.0,United Kingdom,"Jun 4, 2007",James Cooper,Music Enthusiast,"indie, acoustic, folk, electronic, synthpop, experimental, electropop, folktronica, rock, singer-songwriter, alternative, world, baroque pop, hip hop",Diverse Music Enthusiast,"adventurous, open-minded, creative, eclectic, innovative, introspective"
73,male,29.0,United Kingdom,"Oct 6, 2006",James Anderson Smith,Music Enthusiast,"rock, funk rock, alternative rock, funk, alternative, indie, post-punk, pop, disco, dance, noise pop, hip hop, indie pop, folk, garage rock, post-punk revival, shoegaze, electro, house",Diverse music enthusiast,"adventurous, energetic, creative, open-minded"
74,male,34.0,United Kingdom,"Feb 12, 2006",James Thompson,Music Producer,"post-rock, instrumental, indie rock, alternative rock, experimental, rock, alternative, ambient, drone",Engaged post-rock enthusiast,"creative, introspective, eclectic, open-minded"
75,male,23.0,Turkey,"Mar 24, 2006",Emir Yılmaz,Music Enthusiast,"trip-hop, electronica, alternative, rock, grunge, indie, post-punk, indie rock, post-punk revival, electronic, experimental, folk, singer-songwriter, indie folk, chamber pop, soundtrack, film score, classical,",Diverse Music Enthusiast,"adventurous, creative, open-minded, introspective, eclectic"
76,female,31.0,New Zealand,"Nov 22, 2006",Sophie Thompson,Music Producer,"electronic, chillout, downtempo, alternative dance, electroclash, indie pop, metal, rock, dance, indie rock, post-punk, indie, alternative, emo, trip-hop, ambient, synthpop, experimental, house,",Diverse Music Enthusiast,"adventurous, creative, open-minded, eclectic"
77,male,15.0,Poland,"Feb 1, 2006",Mateusz Kowalski,Student,"country music, pop, hip hop",Teenage music enthusiast,"youthful, energetic, bold, rebellious, passionate"
78,male,23.0,Latvia,"Feb 23, 2006",Nikolai Petrovich Ivanov,Music Enthusiast,No genres of music rated 5 were provided.,Engaged Music Enthusiast,"adventurous, energetic, creative, open-minded"
79,male,18.0,Canada,"Mar 22, 2006",Ethan Thompson,Music Enthusiast,"indie, alternative, electronic, house, dance, pop, rock, punk, techno, big beat, folk, funk, reggae, ska punk, emo, post-hardcore, hip-hop, rap, soft rock, progressive rock, post",Diverse Music Enthusiast,"adventurous, energetic, creative, open-minded"
80,male,22.0,Poland,"Apr 30, 2007",Mateusz Kowalski,Music Enthusiast,"rock, alternative, metal, rap metal, pop, baroque pop, emo, indie pop, indie rock, post-punk, new wave, psychedelic, electronic, classic rock, hip-hop, folk rock, progressive metal, folk, alternative rock",Active listener,"adventurous, energetic, creative, open-minded"
81,female,22.0,Sweden,"Feb 17, 2006",Alice Johansson,Student,"country, folk, rock, punk, electronic, hip hop, alternative, psychobilly, hardcore",Diverse music enthusiast,"adventurous, rebellious, energetic, edgy"
82,female,30.0,Turkey,"Mar 25, 2006",Aylin Yılmaz,Software Engineer,"electronic, pop",Eclectic music lover,"energetic, creative, open-minded"
83,female,22.0,Italy,"Mar 19, 2006",Sofia Rossi,Music Enthusiast,"alternative, hard rock, gothic, rock, metal, metalcore, pop, gothic metal, death metal, industrial, funk, post-grunge, heavy metal, thrash metal, alternative metal, melodic death metal, doom metal,",Diverse Metal Enthusiast,"rebellious, edgy, intense, passionate, bold"
84,female,28.0,Turkey,"Jan 28, 2007",Aylin Yılmaz,Music Researcher,"electropop, experimental, electronic, art pop, indie, pop, rock, folk, dream pop, indie rock, alternative pop, post-rock, ambient, downtempo, trip-hop, french pop, chanson, hip hop, soul,",Diverse Music Enthusiast,"creative, adventurous, open-minded, eclectic"
85,female,24.0,Spain,"Dec 9, 2006",Sofia Lopez,Musician,"alternative, rock, pop, space rock, progressive, electronic, indie, folk",Diverse Music Enthusiast,"adventurous, creative, open-minded"
86,male,21.0,United Kingdom,"Aug 27, 2005",Connor Thompson,Music Producer,"electronic, hip hop, sample-based, indie, experimental, ambient, idm, mashup, dance",Diverse Music Enthusiast,"adventurous, creative, open-minded"
87,female,19.0,United States,"Apr 18, 2005",Emily Johnson,Music Enthusiast,"indie, alternative, pop, rock, psychedelic, garage rock, new wave, baroque pop, pop rock, acoustic, folk, hard rock, blues rock, punk, post-punk, post-punk revival, electronic, experimental, jazz",Diverse Music Enthusiast,"adventurous, creative, open-minded, passionate, eclectic"
88,female,21.0,Finland,"Dec 23, 2005",Aino Virtanen,Music Enthusiast,"death metal, doom metal, metal, industrial, neue deutsche härte, darkwave, rock, black metal, hard rock, folk metal, ambient, grindcore, noise music, pagan metal, melodic death metal, melodic black metal,",Dedicated metalhead,"intense, rebellious, dark, passionate, eclectic"
89,female,23.0,United States,"Mar 7, 2005",Emily Thompson,Young Professional,"- pop, hip hop, electronic",Engaged listener,"passionate, emotional, creative, introspective, expressive"
90,female,22.0,United States,"Apr 23, 2006",Jessica Johnson,Music Enthusiast,"indie, alternative, rock, pop, acoustic, folk, ambient, electronic, downtempo, post-grunge, pop rock, soft rock",Active listener,"adventurous, creative, open-minded"
91,male,26.0,United States,"Feb 5, 2006",Michael Johnson,Music Producer,"hip-hop, electronic, rap, experimental, indie, alternative, pop, rock, indie rock, electro, synthpop, indietronica, indietronica, synth-pop, noise",Diverse listener,"adventurous, energetic, creative, open-minded"
92,male,36.0,United States,"Jul 24, 2005",Michael Johnson,Dancer,"pop, pop rock, alternative rock, dance-pop, electronic, r&b, soul, hip hop/rap, indie pop, indie rock, electropop, glam rock, country, folk, funk, house, trance, remix, synth",Diverse Music Enthusiast,"energetic, outgoing, social, creative, expressive, passionate, trendy"
93,female,20.0,Canada,"Jun 12, 2005",Emily Thompson,Music Enthusiast,"indie rock, electronic, electropop, indie pop, electro, dance, pop, dance-punk, new rave, alternative, folk, rock, new rave, funk, baile funk, hip-hop, electro-pop, synth-pop,",Eclectic music enthusiast,"adventurous, energetic, creative, open-minded"
94,male,19.0,Estonia,"Mar 3, 2006",Karl Tamm,Music Enthusiast,"metal, rock, alternative, indie rock, post-punk revival, grunge, punk, garage rock, post-punk, riot grrrl, folk, new wave, indie pop, twee pop, progressive, lo-fi, psychedelic pop,",Eclectic listener,"adventurous, energetic, creative, open-minded"
95,male,23.0,United States,"Feb 5, 2006",Ethan Johnson,Music Enthusiast,"pop, r&b, dance, electronic, rock, reggae, alternative, funk, hard rock, alternative metal, post-grunge, folk, soul, jazz, indie rock, indie pop, indie, electropop, hip-hop,",Eclectic music taste,"adventurous, energetic, open-minded, creative, passionate, eclectic"
96,female,21.0,United States,"Nov 15, 2006",Olivia Johnson,Metal Music Enthusiast,"progressive metal, death metal, progressive rock, metal, rock, sludge metal, black metal, grindcore, deathcore, metalcore, melodic death metal, technical death metal",Diverse Metal Enthusiast,"intense, edgy, eclectic, passionate, rebellious"
97,female,21.0,United States Minor Outlying Islands,"Feb 18, 2006",Olivia Johnson,Music Enthusiast,"indie, pop, indie pop, folk, bossa nova, electronic, twee pop, alternative",Diverse Music Enthusiast,"creative, independent, free-spirited, artistic, unique"
98,male,28.0,Norway,"Aug 20, 2005",Erik Andersen,Music Producer,"electronic, ebm, futurepop, synthpop, folk, world, traditional, classical, choral, baroque",Diverse Music Enthusiast,"adventurous, creative, open-minded, traditional"
99,male,30.0,Chile,"Oct 17, 2005",Andres Silva,Music Producer,"synthpop, new wave, alternative rock, electronic",Diverse Music Enthusiast,"creative, innovative, tech-savvy, open-minded"
100,male,19.0,Chile,"Dec 1, 2006",Diego Ramirez,Music Enthusiast,"indie rock, alternative rock, new wave, rock, pop, electronic, baroque pop, pop rock, metal, experimental, art rock, post-punk, hard rock, progressive rock, latin, synthpop, folk",Diverse Music Enthusiast,"adventurous, creative, open-minded, eclectic"
101,male,22.0,United States,"Dec 19, 2004",Tyler Johnson,Music Enthusiast,"progressive metal, experimental metal, instrumental, experimental, avant-garde, rock, jazz, metal, heavy metal, progressive rock, jazz fusion, technical death metal, jazz-rock, death metal, blues, art rock, electronic",Diverse Music Enthusiast,"adventurous, creative, open-minded, eclectic, analytical"
102,male,33.0,United Kingdom,"Mar 25, 2003",Nathan Thompson,Musician,"metal, rock, alternative metal, progressive metal, reggae, parody, cover, alternative rock, stoner rock, alternative, grunge, nu metal, experimental, pop, indie, punk, garage rock, art rock, industrial, post-p",Diverse Music Enthusiast,"adventurous, energetic, creative, open-minded"
103,female,21.0,Trinidad and Tobago,"Dec 19, 2005",Samantha Lopez,Music Enthusiast,"rock, alternative rock, indie rock, j-rock, metal, pop, j-pop, anime, electronic, ballad, easy listening, anison, anime soundtrack, anisong, r&b, acoustic, dance, remix, hip hop",Active listener,"creative, adventurous, open-minded, energetic"
104,male,21.0,Mexico,"Feb 23, 2006",Santiago Lopez,Music Enthusiast,"electronic, house, indie rock, new wave, dance-punk, rock, garage rock, blues rock, indie pop, psychedelic rock, folk rock, art rock, baroque pop, alternative rock, alternative, indie, blues, rock and",Diverse Music Taste,"adventurous, energetic, creative, open-minded"
105,female,19.0,Norway,"Jan 24, 2005",Ingrid Hansen,Student,"rock, pop, alternative rock, hard rock, blues rock, funk, R&B, country rock, new wave, post-punk, dance, soul, gospel, glam rock, contemporary R&B, boy band, AOR (album-oriented rock",Diverse music taste,"adventurous, energetic, creative, open-minded"
106,female,25.0,United States,"May 2, 2006",Ava Thompson,Music Enthusiast,"rock, blues, rhythm and blues, post-punk, new wave, folk, experimental, indie folk, indie, garage rock, alternative, pop, metal, hard rock, soul, punk, hardcore, thrash",Diverse Music Enthusiast,"adventurous, creative, open-minded, edgy, passionate"
107,male,26.0,United States,"Feb 2, 2006",Brian Johnson,Music Producer,"electronic, experimental",Genre Explorer,"creative, innovative, open-minded, experimental"
108,female,24.0,Canada,"May 1, 2006",Emily Johnson,Musician,"symphonic metal, power metal, progressive metal, progressive rock, rock, classic rock, hard rock, heavy metal, neo-prog, alternative, stoner rock",Active listener,"adventurous, energetic, open-minded, creative"
109,male,23.0,Norway,"Mar 25, 2006",Erik Hansen,Music Enthusiast,"rock, psychedelic rock, blues rock, alternative, britpop, indie, folk rock, alternative rock, pop, electronic, pop rock",Diverse Music Enthusiast,"adventurous, creative, open-minded"
110,male,26.0,Finland,"Oct 18, 2004",Elias Järvinen,Music Enthusiast,"rock, metal, hard rock, heavy metal, rockabilly, ballad, gothic metal, alternative",Diverse music taste,"rebellious, energetic, passionate, edgy, intense"
111,male,23.0,Portugal,"Feb 15, 2006",Miguel Costa,Musician,No genres of music rated 5 were provided.,Active listener,"passionate, artistic, expressive, soulful, cultured"
112,male,19.0,United States,"Dec 27, 2005",Connor Thompson,Music Enthusiast,"indie, alternative, rock, electronic, experimental, progressive, folk, punk, noise rock, alternative rock, post-punk, synthpop, shoegaze, dream pop, post-punk revival, post-grunge, post-hardcore,",Diverse Music Enthusiast,"adventurous, energetic, creative, open-minded"
113,male,20.0,United Kingdom,"Jun 20, 2005",Harry Thompson,Student,No genres of music rated 5 were provided.,Genre Enthusiast,"adventurous, energetic, creative, open-minded, youthful"
114,male,19.0,United Kingdom,"Jun 23, 2006",James Bennett,Student,"indie, alternative, rock, indie rock, alternative rock, synthpop, shoegaze, garage rock, folk, indie folk, electronic",Diverse Music Explorer,"adventurous, creative, open-minded"
115,female,48.0,Switzerland,"Jan 3, 2005",Sophie Müller,Business Analyst,"No genres of music rated 5 were provided, so I cannot generate a list of user interests based on favorite music genres for user 115.",Engaged listener,"sophisticated, cultured, refined, elegant, classy"
116,male,24.0,Spain,"Nov 4, 2006",Alejandro Lopez,Music Enthusiast,"soul, pop, alternative, indie, rock, neo-soul, jazz, r&b, britpop, dance-pop, rap, hip-hop, hardcore, gabber, experimental",Active listener,"soulful, eclectic, lively, expressive, passionate"
117,female,32.0,United States,"Jun 16, 2006",Samantha Johnson,Music Critic,"alternative, indie rock, baroque pop, rock, pop, experimental, post-punk",Eclectic listener,"creative, independent, introspective, eclectic, free-spirited"
118,female,28.0,Norway,"Nov 9, 2005",Nora Johansen,Music Enthusiast,"house, electronic, disco, ambient, dance, electro, synthpop, pop, rock, alternative, grunge, folk, acoustic, punk, hip-hop, rap, r&b, soul, funk, gothic rock, singer-songwriter",Diverse Music Enthusiast,"adventurous, energetic, creative, open-minded"
119,female,22.0,Greece,"Sep 4, 2006",Sophia Papadopoulos,Music Enthusiast,"pop, punk, rock, easy listening, jazz, alternative, hip hop, electronic, metal, classical, soundtrack, chanson, traditional pop, cover, bossa nova, indie pop, downtempo, latin, world, cuban, blues",Diverse listener,"adventurous, creative, open-minded, soulful, eclectic"
120,male,28.0,Australia,"Dec 5, 2005",Liam Harrison,Professional Musician,No genres of music rated 5 were provided for this user.,Active listener,"energetic, creative, open-minded"
121,male,32.0,United Kingdom,"Apr 18, 2004",Harry Thompson,Music Producer,"alternative, electronic, hip-hop, indie rock, krautrock, indie, pop, indie pop, post-punk, art punk, experimental, rock, new wave, techno, soul, electronica",Active listener,"adventurous, creative, open-minded, innovative"
122,male,17.0,Canada,"Jun 20, 2006",Ethan Thompson,Student,"rock, psychedelic rock, pop, alternative rock, stoner rock, alternative metal, nu metal, progressive rock, punk, grunge, punk rock, dance punk, indie rock, post-punk, blues, metal, post-hardcore, experimental",Diverse music enthusiast,"rebellious, edgy, passionate, free-spirited, adventurous"
123,female,29.0,Canada,"Apr 27, 2005",Isabella Thompson,Music Critic,"pop,new wave,synthpop,alternative rock,electronic,hip hop/rap,indie,post-punk,industrial,hard rock,glam metal,punk",Diverse music taste,"adventurous, creative, open-minded, rebellious, edgy"
124,male,32.0,United States,"May 19, 2006",Ethan Johnson,Musician,"alternative, experimental, rock, ambient, electronic, classic rock, jazz, fusion",Diverse Music Enthusiast,"adventurous, creative, open-minded"
125,female,21.0,Italy,"Mar 6, 2006",Giulia Rossi,Music Enthusiast,"rock, garage rock, alternative rock, metal, thrash metal, funk rock, alternative, emo, hard rock, heavy metal, post-grunge, groove metal, progressive rock, post-hardcore, metalcore, grunge, glam metal,",Dedicated Rock Fan,"rebellious, edgy, passionate, intense, bold"
126,female,28.0,United Kingdom,"Jun 7, 2006",Eleanor Thompson,Music Enthusiast,"rock, hard rock, classic rock, blues rock, pop, funk, country, rockabilly, heavy metal, grunge, folk, acoustic, alternative, indie, new wave, post-punk, electronic, hip hop, metal, alternative",Active listener,"passionate, rebellious, eclectic, free-spirited, bold"
127,female,24.0,Nicaragua,"Jun 18, 2006",Maria Lopez,Music Enthusiast,"rock, indie rock, alternative rock, indie, alternative, pop, acoustic, soft rock, alternative metal, progressive rock, post-grunge, folk, reggaeton, latin, tropical",Diverse Music Enthusiast,"adventurous, creative, open-minded"
128,male,42.0,Brazil,"May 25, 2007",Lucas Oliveira Santos,Music Producer,"jazz, bossa nova, electronic, chillout, downtempo, house, lounge, blues, hip-hop, ambient",Diverse Music Enthusiast,"sophisticated, laid-back, eclectic, creative, introspective"
129,male,28.0,United Kingdom,"Feb 22, 2005",Oliver Thompson,Musician,"alternative, indie, rock, stoner rock, metal",Diverse Music Taste,"adventurous, rebellious, independent, edgy, passionate"
130,male,20.0,Ireland,"Oct 26, 2005",Sean O'Connor,Music Enthusiast,"pop, rock, alternative, indie, electronic, electropop, experimental, hip-hop, electronica, dance, electro house, folk, singer-songwriter, acoustic, r&b, indie pop, progressive rock, soft rock, world,",Active listener,"adventurous, creative, open-minded"
131,female,19.0,United States,"Dec 3, 2005",Ava Johnson,Music Enthusiast,"hip-hop, underground hip-hop, alternative hip-hop, alternative, indie, post-punk, rock, indie rock, alternative rock, psychedelic rock, experimental rock, punk, new wave, heavy metal, hardcore punk",Active listener,"adventurous, creative, open-minded, rebellious, edgy"
132,female,22.0,Belgium,"Jul 12, 2005",Sophie Dubois,Student,"No genres of music rated 5 were provided, therefore, the list of user interests cannot be generated.",Active listener,"passionate, emotional, introspective, artistic, expressive"
133,female,23.0,Canada,"Jun 3, 2006",Emily Thompson,Music Enthusiast,"rock, pop-punk, alternative, pop, punk, indie rock, alternative metal, nu metal, hard rock, experimental, psychedelic, post-punk, art punk, electronic, downtempo, new wave, post-punk revival, folk,",Diverse Music Enthusiast,"rebellious, passionate, eclectic, edgy, unconventional"
134,male,35.0,United Kingdom,"Mar 10, 2005",James Thompson,Music Critic,"electropop, synthpop, indie pop, pop, indie rock, new wave, electro, alternative rock, synth-pop, rock, comedy metal, indie, post-punk, hip-hop, rap, comedy hip-hop",Diverse music taste,"adventurous, creative, open-minded, humorous"
135,male,18.0,United Kingdom,"May 2, 2006",James Thompson,Music Enthusiast,"house, electronic, disco, hip-hop, electronica, dance, r&b, rap, pop, trance, electropop, synthpop, indie, rock, soul, alternative rock, southern rock, reggae, dancehall, gr",Diverse Genre Enthusiast,"adventurous, energetic, creative, open-minded"
136,male,23.0,Finland,"May 27, 2005",Elias Järvinen,Musician,"No genres of music rated 5 were provided, so I cannot generate a list of user interests based on favorite music genres or tastes.",Engaged listener,"adventurous, creative, open-minded"
137,male,22.0,United States,"Sep 10, 2004",Ethan Johnson,Music Enthusiast,"indie, folk, lo-fi, pop, rock",Eclectic listener,"creative, introspective, independent, free-spirited, artistic"
138,male,26.0,Italy,"Feb 6, 2006",Giovanni Rossi,Musician,"pop, folk, electronic",Diverse Music Enthusiast,"creative, expressive, innovative, open-minded"
139,male,30.0,Peru,"Oct 27, 2005",Diego Ramirez,Music Enthusiast,"alternative, indie, pop, indie rock, post-punk revival, dream pop, shoegaze, electronic, electropop, synthpop, dance, noise pop, experimental, indie pop, folk rock, americana, emo, ethereal",Diverse Music Enthusiast,"creative, open-minded, eclectic, introspective, free-spirited"
140,male,17.0,Poland,"Jul 14, 2006",Marek Kowalski,Student,"metal, hard rock, rock, pop punk, punk rock, electronic, orchestral, alternative, nu metal, industrial, pop, r&b, experimental, reggae, comedy, folk, anime, j-pop, j-rock, soundtrack,",Active listener,"rebellious, edgy, eclectic, passionate"
141,male,22.0,Switzerland,"Dec 27, 2004",Lukas Müller,Music Enthusiast,"electronic, experimental, downtempo, electronica, alternative, avant-garde, folk, indie, baroque pop, chamber pop, singer-songwriter, art pop, trip hop, ambient, trip-hop, easy listening, jazz, new wave",Eclectic listener,"creative, open-minded, introspective, innovative, eclectic"
142,female,34.0,Sweden,"Apr 18, 2006",Emilia Andersson,Music Enthusiast,"indie, alternative, folk, rock, pop, dance, soul, electronic, stoner rock, indie pop, electropop, indie dance, synthpop, country, hip hop, singer-songwriter, children's, baroque pop,",Diverse Music Enthusiast,"creative, open-minded, eclectic, adventurous, passionate"
143,female,28.0,Poland,"Jul 17, 2007",Natalia Kowalska,Musician,"trip hop, downtempo, alternative rock",Eclectic music enthusiast,"introspective, artistic, eclectic"
144,male,22.0,United States,"Mar 13, 2006",Ethan Thompson,Student,"The user interest for this user based on the genres of music rated 5 is: rock, pop.",Active listener,"energetic, adventurous, creative, open-minded"
145,male,21.0,Australia,"Oct 4, 2005",Connor Jenkins,Music Enthusiast,"indie, electronic, alternative, folk, pop, progressive rock, experimental rock, punk, shoegaze, dream pop, noise pop, post-punk revival, new wave, post-hardcore, electronica, art pop, trip hop,",Diverse Music Enthusiast,"adventurous, creative, open-minded, introspective, eclectic"
146,male,29.0,Netherlands,"Sep 17, 2006",Lars van der Meer,Music Critic,"indie, folk, acoustic, electronic, house, dance, alternative dance, electroclash, synthpop, rock, alternative, pop, hip hop/rap, r&b, soul, soft rock, experimental, funk, grime,",Diverse Music Enthusiast,"adventurous, energetic, creative, open-minded"
147,female,22.0,Turkey,"May 20, 2007",Aylin Yılmaz,Music Enthusiast,"electronic, house, indie, alternative, rock, pop, folk, singer-songwriter, soft rock, acoustic, ambient, metal, trip-hop, experimental, post-punk, post-grunge, dream pop, shoegaze, blues,",Diverse music taste,"adventurous, creative, open-minded"
148,male,26.0,Mexico,"Aug 7, 2006",Juan Martinez,Music Enthusiast,"indie rock, alternative rock, new wave, alternative, post-punk revival, indie pop, nu rave, psychedelic, electronic, dance pop, glam rock, hip-hop/rap, r&b, jazz, ballad",Diverse Music Enthusiast,"adventurous, creative, open-minded, energetic"
149,female,27.0,Turkey,"Sep 25, 2005",Aylin Yılmaz,Music Enthusiast,"trip-hop, electronica, alternative, rock, indie rock, britpop, progressive rock, death metal, progressive metal, metal, groove metal, technical death metal, atmospheric metal, gothic metal, melodic death metal, chillstep, doom",Active listener,"adventurous, open-minded, creative"
150,male,29.0,Portugal,"May 29, 2006",Ricardo Silva,Music Producer,"cover, lounge, bossa nova, indie, alternative, bossanova, indie pop, new wave, pop, electronic, metal, heavy metal, thrash metal, downtempo, trip-hop, electronica, post-punk, dream pop,",Diverse Music Taste,"creative, eclectic, laid-back, introspective, experimental"
151,male,21.0,Switzerland,"Jun 17, 2006",Hans Zimmermann,Student,"- classical, electronic, jazz, pop, rap",Engaged listener,"adventurous, energetic, creative, open-minded"
152,female,27.0,Mexico,"Oct 12, 2006",Maria Hernandez,Music Journalist,"alternative, rock, progressive, indie, pop, glam rock, post-punk, new wave, gothic rock, darkwave, baroque pop, folk pop, electronic, synthpop, post-rock, ambient, indie pop, britpop,",Diverse listener,"adventurous, creative, open-minded, artistic, eclectic"
153,male,42.0,United Kingdom,"Feb 12, 2004",James Thompson,Music Enthusiast,No genres of music rated 5 were provided to generate a list of user interests.,Engaged Music Enthusiast,"sophisticated, mature, eclectic, refined, knowledgeable"
154,male,24.0,Canada,"Aug 11, 2004",Connor Thompson,Musician,"rock, pop",Engaged listener,"passionate, creative, insightful, introspective, innovative"
155,male,21.0,Romania,"Oct 2, 2006",Andrei Popescu,Music Enthusiast,"rock, garage rock, alternative rock, britpop, pop punk, pop, electronic, dance, soul, r&b, nu metal, progressive rock, psychedelic rock, art rock, cover, bossa nova, indie rock, post-punk",Diverse music taste,"adventurous, energetic, creative, open-minded, rebellious, introspective, eclectic"
156,female,55.0,United Kingdom,"May 26, 2005",Eleanor Thompson,Music enthusiast,"new wave, synth-pop, post-punk, indie, rock, indie rock, indie pop, pop, ambient, downtempo, chillout",Diverse Music Enthusiast,"creative, independent, introspective, innovative, artistic"
157,male,16.0,Australia,"Feb 22, 2006",Liam Wilson,Student,"indie, dance, new rave, indie rock, indie pop, nu rave, rock, post-punk, alternative, post-punk revival, garage rock, baroque pop, chamber pop, alternative rock",Indie music enthusiast,"adventurous, creative, open-minded"
158,male,23.0,United States,"Aug 2, 2004",Ethan Thompson,Music Enthusiast,"rock, garage rock, alternative rock, pop, hip-hop, rap, indie, punk, soul, blues rock, blues, electronic, indie punk, indie rock, post-punk revival, dance-punk, dance pop, glam rock, rock",Diverse Music Enthusiast,"adventurous, energetic, creative, open-minded, passionate, eclectic, rebellious"
159,male,34.0,United States,"Nov 8, 2005",Nathan Thompson,Music Enthusiast,"rock, alternative, indie, shoegaze, dream pop",Diverse Music Enthusiast,"adventurous, creative, introspective, dreamy, artistic"
160,male,21.0,United States,"Dec 19, 2006",Ethan Thompson,Music Enthusiast,"trance, progressive house, dance, rock, britpop, alternative, hip-hop, electronica, funk, hard rock, blues rock, pop, electronic, nu metal, alternative rock, soul, folk, big beat, blues, grunge",Diverse Music Enthusiast,"adventurous, energetic, creative, open-minded"
161,female,23.0,Trinidad and Tobago,"Aug 10, 2005",Samantha Rodriguez,Metal Music Enthusiast,"nu metal, alternative metal, post-hardcore, alternative, metal, rock, post-metal, sludge metal, experimental metal, progressive metal, screamo, black metal, death metal, folk metal, hardcore, deathcore, metalcore, extreme",Diverse Metal Enthusiast,"adventurous, energetic, creative, open-minded"
162,male,27.0,Sweden,"Jan 31, 2006",Erik Johansson,Musician,No genres of music rated 5 were provided in the user information.,Engaged user,"introspective, reflective, emotive, contemplative, artistic"
163,male,30.0,Serbia,"Nov 11, 2005",Marko Petrović,Music Producer,"house, electronic, dance, indie",Diverse Music Enthusiast,"adventurous, energetic, creative, open-minded"
164,male,22.0,Brazil,"Oct 26, 2005",Lucas Silva,Music Enthusiast,"rock, pop, alternative rock, electronic, dance, indie, psychedelic, folk, indie folk, emo, post-hardcore, christian rock, ballad, adult contemporary, classical, orchestral, j-pop, nu metal",Diverse music explorer,"adventurous, energetic, creative, open-minded"
165,female,18.0,Australia,"May 7, 2006",Sophie Williams,Music Enthusiast,"rock, blues, folk, classic rock, roots rock, swamp rock, southern rock, metal, thrash metal, alternative, progressive, psychedelic rock, art rock, post-hardcore, heavy metal, hard rock, pop punk, emo, power",Rock Enthusiast,"rebellious, passionate, adventurous, energetic, creative, open-minded"
166,male,25.0,United States,"Jul 20, 2005",Ethan Johnson,Music Enthusiast,"r&b, pop, dance",Diverse Music Enthusiast,"upbeat, sociable, fun-loving"
167,female,20.0,United States,"May 27, 2005",Sophia Anderson,Music Enthusiast,"electronic, house, dance, pop, r&b, soul, folk, indie, alternative, rock, acoustic, singer-songwriter, lo-fi, experimental, downtempo, trip hop, jazz, twee pop, baroque pop, comedy",Indie music enthusiast,"creative, open-minded, eclectic, soulful, indie, alternative"
168,female,23.0,United States,"Jul 12, 2005",Olivia Thompson,Music Enthusiast,"r&b, soul, pop, hip hop, electronic, ballad, funk, jazz, neo-soul, house, soulful house, j-pop",Diverse music taste,"soulful, trendy, expressive, passionate, sophisticated"
169,female,19.0,United Kingdom,"Apr 8, 2006",Sophie Williams,Student,"rock, pop, post-punk, new wave, alternative, alternative rock, reggae",Diverse music enthusiast,"adventurous, energetic, creative, open-minded"
170,female,22.0,Spain,"May 8, 2006",Sofia Lopez,Music Enthusiast,"indie, alternative, rock, acoustic, folk, latin, pop, world music, surf rock, soul, r&b, post-punk, new wave, power pop, garage rock, indie pop, easy listening, pop rock, holiday",Diverse Music Enthusiast,"adventurous, creative, open-minded, eclectic, passionate"
171,male,21.0,Czech Republic,"Dec 2, 2005",Matěj Novák,Music Enthusiast,"downtempo, trip hop, pop, rock, folk, soul, rhythm and blues, soft rock, alternative, indie, electronic, indie rock, britpop, alternative rock, funk rock, rap, hip hop",Diverse Music Enthusiast,"adventurous, creative, open-minded, soulful, eclectic"
172,male,39.0,United Kingdom,"Mar 20, 2007",Henry Thompson Smith,Musician,"metal, rock, pop, dance, indie, folk, alternative, latin, world, cuban, americana, trip hop, hard rock, ambient, experimental, electronic, house, reggae, ska, soft rock, folk rock",Diverse Music Enthusiast,"adventurous, energetic, creative, open-minded"
173,male,23.0,Spain,"Feb 7, 2006",Santiago Hernandez,Music Enthusiast,"alternative, indie, experimental",Eclectic music enthusiast,"creative, open-minded, independent, introspective, non-conformist"
174,female,23.0,Russian Federation,"Feb 17, 2007",Anastasia Ivanova,Music Producer,"electro, house, disco, electronic, downtempo, ambient, synth-pop, experimental, chillout, trip hop, jazz, soul, blues",Electronic music enthusiast,"creative, open-minded, eclectic, experimental, soulful"
175,male,32.0,United States,"Jun 5, 2005",Nathan Johnson,Music Enthusiast,"indie, folk, indie folk, folktronica, indie rock, electronic, noise, alternative, rock, experimental",Diverse Music Enthusiast,"adventurous, creative, open-minded, eclectic"
176,male,22.0,United Kingdom,"Sep 2, 2007",James Thompson,Music Enthusiast,"electronic, dance disco, alternative, rock, southern rock, indie rock, techno, new wave, synthpop, ambient, IDM, trip hop, experimental, house",Diverse Music Enthusiast,"adventurous, open-minded, creative, experimental"
177,male,19.0,Finland,"Aug 11, 2006",Elias Järvinen,Music Enthusiast,"rock, alternative, metal, rap metal, symphonic, nu metal, hard rock, ballad, pop, metalcore, post-hardcore, heavy metal, melodic death metal, punk, extreme metal, death metal, hardcore, thr",Active listener,"rebellious, edgy, intense, passionate, eclectic"
178,male,26.0,United Kingdom,"Nov 4, 2003",James Thompson,Music Enthusiast,"alternative, rock, electronic, pop, glam rock, stoner rock, folk, indie folk, indie, indie pop, jazz, blues, jam band, singer-songwriter, soft rock",Diverse Music Enthusiast,"adventurous, energetic, creative, open-minded"
179,male,25.0,United States,"Dec 16, 2005",Travis Johnson,Musician,,Active listener,"energetic, adventurous, creative, open-minded"
180,male,21.0,Canada,"Jun 30, 2006",Ethan Thompson,Music Enthusiast,"rock, blues, psychedelic rock, blues rock, innovative rock, acid rock, alternative, indie, progressive rock",Diverse Music Enthusiast,"adventurous, creative, open-minded"
181,female,24.0,Poland,"May 1, 2006",Karolina Nowak,Music Producer,"electronic, ambient, pop, hip hop/rap, r&b, synth-pop, dance pop, electropop, downtempo, indie, dream pop, trip hop, soul, folk",Diverse music taste,"adventurous, creative, open-minded, soulful, introspective, innovative"
182,male,31.0,Argentina,"Aug 25, 2004",Santiago Ramirez,Music Producer,"synthpop, new wave, alternative rock, electronic, industrial, ambient, classical, instrumental",Active listener,"creative, open-minded, innovative, eclectic, sophisticated"
183,female,22.0,United States,"Feb 26, 2006",Emily Thompson,Music Enthusiast,"alternative, rock, post-punk, pop, electronic, indie pop, pop rock",Diverse Music Enthusiast,"adventurous, creative, open-minded"
184,female,20.0,Italy,"Sep 4, 2006",Giulia Rossi,Music Enthusiast,"electronic, big beat, techno, synthpop, futurepop, industrial, ebm, aggrotech, indie, rock, alternative, post-punk, new wave, gothic rock, art rock, progressive, neofolk, dark",Diverse Music Enthusiast,"adventurous, energetic, creative, open-minded, edgy, rebellious, introspective, eclectic, passionate, innovative"
185,male,36.0,United States,"Dec 12, 2005",Ethan Thompson,Music Producer,"indie, alternative, americana, rock, country, folk",Diverse Music Enthusiast,"adventurous, creative, open-minded"
186,male,23.0,Germany,"Jan 21, 2007",Maximilian Schmidt,Music Producer,"electronic, ambient, downtempo, folk, baroque pop, indie folk, experimental, math rock",Electronic Enthusiast,"introspective, creative, open-minded, artistic"
187,female,18.0,United States,"May 26, 2007",Sophia Carter,Music Enthusiast,"mashup, electronic, hip-hop, sample-based, pop, jazz, rock, indie, electropop, alternative rock, experimental, indie folk, singer-songwriter, folk, dream pop, synthpop, psychedelic, baroque pop,",Diverse Music Enthusiast,"adventurous, creative, open-minded, eclectic"
188,female,75.0,United States,"Jun 21, 2006",Evelyn Thompson,Retired,"hip-hop, electronica, electronic, dancehall, experimental, synthpop, indie rock, alternative rock, indie, pop, krautrock, electro, world, dance, shoegaze, folk, singer-songwriter, rap",Diverse Music Enthusiast,"adventurous, creative, open-minded, energetic"
189,female,21.0,Russian Federation,"Jun 24, 2006",Anastasia Ivanova,Student,"post-hardcore, alternative rock, rock, alternative, progressive, indie, folk, acoustic, electronic, experimental, pop, ambient",Diverse Music Enthusiast,"adventurous, creative, open-minded"
190,male,31.0,Norway,"Apr 15, 2005",Erik Johansen,Rock Music Enthusiast,"reggae, rock, parody, hard rock, glam metal, progressive metal, progressive rock, heavy metal, folk, indie, singer-songwriter, new age, celtic, blues, pop, ballad, grunge, soft rock,",Diverse music enthusiast,"adventurous, energetic, creative, open-minded"
191,male,19.0,United States,"Dec 10, 2005",Nathan Johnson,Music Enthusiast,"No genres of music rated 5 are provided, therefore, I cannot generate a list of user interests based on favorite music genres.",Active listener,"confident, outgoing, energetic, rebellious, passionate"
192,female,29.0,United Kingdom,"Aug 14, 2006",Sophie Thompson,Music Promoter,"rock, britpop, alternative, pop, dance, latin, argentinian rock",Diverse Music Enthusiast,"adventurous, energetic, creative, open-minded"
193,male,25.0,France,"Jun 1, 2005",Louis Dupont,Music Enthusiast,"rock, britpop, indie rock, post-punk, new wave, alternative, folk, psychedelic folk, post-punk revival, garage rock, pop, acoustic, baroque pop, chamber pop, french chanson, classical, soundtrack, soul",Diverse Music Enthusiast,"creative, open-minded, eclectic, introspective, passionate"
194,female,21.0,Poland,"Jul 4, 2007",Maria Kowalska,Music Enthusiast,"rock, psychedelic rock, blues rock, innovative rock, electronic, downtempo, pop, r&b, soul, metal, heavy metal, instrumental, alternative rock, indie rock, grunge, hip-hop, hard rock, alternative metal, industrial",Eclectic listener,"adventurous, creative, open-minded, eclectic, passionate"
195,female,28.0,United Kingdom,"Aug 18, 2005",Sophie Thompson,Musician,"country, genres of music rated 5",Engaged listener,"romantic, emotional, introspective, sentimental"
196,male,30.0,British Indian Ocean Territory,"Oct 11, 2005",Rohan Patel,Music Enthusiast,"alternative, metal, rock, psychedelic rock, blues, indie, indie rock, garage rock, indie pop, dream pop, electronic, ambient, pop, latin",Diverse Music Enthusiast,"adventurous, edgy, free-spirited, creative, independent"
197,male,29.0,United Kingdom,"Mar 28, 2006",Thomas Johnson,Music Producer,"electronic, experimental, techno",Electronic Enthusiast,"adventurous, innovative, analytical, detail-oriented"
198,female,28.0,Spain,"Sep 17, 2005",Maria Rodriguez,Music Enthusiast,"hip hop, r&b, classical, pop, opera, dance, electronic, synthpop, pop rock, soft rock, ballad, adult contemporary, vocal, jazz, alternative, latin, ambient, post-rock, instrumental folk",Diverse music taste enthusiast,"adventurous, energetic, creative, open-minded"
199,female,20.0,United States,"Jan 3, 2006",Hannah Johnson,Music Enthusiast,"rock, post-hardcore, indie, electronic, pop, pop punk, alternative rock, emo, punk, industrial metal, house, indie pop, acoustic, nu metal, post-grunge, hard rock, rap, metalcore, hardcore punk",Diverse music taste,"adventurous, energetic, creative, open-minded"
200,male,21.0,Sweden,"Dec 11, 2005",Erik Johansson,Music Enthusiast,"rock, britpop, indie, alternative, folk, acoustic, pop, gospel, baroque pop, post-rock, ambient, experimental, heartland rock, folk rock, singer-songwriter",Diverse Music Enthusiast,"adventurous, creative, open-minded"
201,female,19.0,United States,"Mar 23, 2005",Samantha Johnson,College Student,"indie pop, indie rock, hip-hop, rap, electronic, alternative rock, folk, shoegaze, singer-songwriter",Eclectic music taste,"adventurous, creative, open-minded"
202,male,25.0,Hungary,"Dec 2, 2005",Andras Kovacs,Music Enthusiast,"rock, country, southern rock, folk, americana, punk, pop, garage rock, hard rock, glam rock, alternative rock, progressive rock, space rock, punk rock, proto-punk, gospel, indie, experimental, ambient, go",Diverse music enthusiast,"rebellious, free-spirited, independent, nostalgic, authentic"
203,female,25.0,New Zealand,"Dec 4, 2005",Sophie Thompson,Music Blogger,"alternative, indie, post-punk, rock, progressive, electronic, synth-pop, new wave, emo, post-hardcore, indie rock, glam rock, space rock, art rock, folk, acoustic, singer-songwriter, pop, soul",Active listener,"adventurous, creative, open-minded, introspective, eclectic"
204,female,20.0,United States,"Jul 30, 2005",Sophia Williams,Music Enthusiast,"progressive metal, alternative metal, rock, punk rock, emo, pop, industrial, electronic, garage rock, indie, grunge, psychedelic, shoegaze, folk rock, acoustic, alternative rock, gothic, darkwave, progressive house",Diverse Music Enthusiast,"adventurous, edgy, passionate, rebellious, introspective, eclectic, independent, artistic"
205,male,49.0,Sweden,"Mar 16, 2006",Erik Johansson,Music Producer,"progressive metal, alternative metal, rock, hard rock, alternative, funk, progressive rock, industrial, experimental, heavy metal, garage rock, grunge, psychedelic rock, krautrock",Diverse music explorer,"adventurous, creative, open-minded, rebellious, introspective"
206,male,22.0,Turkey,"Jun 21, 2006",Emir Yılmaz,Music Enthusiast,"jazz, swing, lounge, pop, turkish pop, folk, traditional, world, latin, alternative rock, arabesque, rock",Diverse Music Enthusiast,"adventurous, creative, open-minded"
207,female,23.0,United States,"Dec 7, 2004",Samantha Roberts,Musician,No information provided.,Engaged listener,"upbeat, outgoing, fun-loving, social, emotional"
208,female,20.0,Thailand,"Jul 31, 2007",Nathalie Wongsuphasawat,Student,"electronic, house, dance, pop, r&b, hip-hop, rock, alternative rock, nu metal, alternative metal, electropop, post-grunge, pop rock, rap, ballad, reggae, eurodance, adult",Diverse Music Taste,"adventurous, energetic, creative, open-minded"
209,male,30.0,France,"Aug 9, 2006",Louis Dubois,Music Enthusiast,"progressive rock, psychedelic rock, art rock, alternative, progressive metal, electronic, experimental, space rock, post-rock, instrumental, ambient, pop, folk, indie",Heavy Music Enthusiast,"creative, open-minded, adventurous, eclectic, introspective"
210,female,19.0,Netherlands,"Jun 5, 2007",Sophie van der Meulen,Music enthusiast,"alternative rock, pop punk, pop, rock, emo, punk, indie, folk, soul, r&b, post-grunge, classical, opera, ballad, soundtrack, score, orchestral, hard rock, heavy metal, glam metal",Diverse listener,"adventurous, energetic, creative, open-minded"
211,female,22.0,Czech Republic,"Jan 14, 2006",Petra Novakova,Music lover and enthusiast,"folk, singer-songwriter, rock, punk, indie rock, alternative rock, pop, cabaret, musical",Eclectic listener,"creative, rebellious, introspective, passionate, eclectic, expressive, free-spirited, imaginative"
212,female,21.0,Italy,"Jun 13, 2007",Sofia Rossi,Music Enthusiast,"rock, hard rock, blues rock, reggae, ska, punk, electronic, experimental, indie, pop, psychedelic, alternative rock, stoner rock, post-grunge, indie rock, post-punk, new wave, folk, acoustic,",Diverse listener,"adventurous, energetic, creative, open-minded"
213,male,26.0,Poland,"Jan 29, 2006",Marek Kowalski,Music Producer,"electronic, downtempo, trip-hop, rock, comedy, soul, rhythm and blues, trance, progressive house, dance, house, punk, alternative, chiptune, latin, hip hop",Diverse music explorer,"adventurous, creative, open-minded"
214,female,21.0,Spain,"Jun 1, 2007",Maria Garcia López,Music Enthusiast,"indie, alternative, rock, punk, progressive, pop, synth-pop, new wave, electronic, indie rock, garage rock, post-punk revival, hard rock, heavy metal, experimental, folk, britpop, surf rock, rockabil",Diverse music taste,"adventurous, creative, open-minded"
215,male,28.0,Argentina,"Jan 26, 2005",Diego Martinez,Musician,"alternative, rock, pop, folk, acoustic, indie, electronica, dance, electronic, funk, acid jazz, pop rock, dance-pop, electropop",Active listener,"adventurous, energetic, creative, open-minded"
216,female,29.0,United States,"Jul 21, 2006",Emily Johnson,Music Blogger,"rock, alternative, indie, garage, folk, acoustic, singer-songwriter, pop, surf rock, indie rock, alternative rock, indie folk, indie pop, synthpop, post-punk",Diverse Music Enthusiast,"adventurous, creative, open-minded"
217,female,18.0,United States,"Nov 27, 2005",Sophia Johnson,Music Enthusiast,"alternative, rock, punk, post-hardcore, emo, pop, electronic, dance, grunge, glam rock, dance pop, electropop, indie, pop punk, metal",Diverse Music Enthusiast,"adventurous, energetic, rebellious, edgy, creative, independent, bold, nonconformist, passionate"
218,male,20.0,Netherlands,"Jun 3, 2006",Jasper van der Linden,Music Enthusiast,"indie, alternative, rock, electronic, indie pop, folk, post-punk revival, pop, punk, art rock, dance punk, new wave, garage rock, progressive, post-rock, experimental, metal, thrash metal, heavy metal",Diverse music taste,"adventurous, creative, open-minded, eclectic, passionate"
219,female,22.0,Slovakia,"Mar 18, 2006",Elena Kovačová,Music Enthusiast,"hip-hop, electronica, rock, experimental, psychedelic, indie, alternative rock, folk, electronic, synth-pop, synthpop, darkwave, experimental rock, pop, world, klezmer",Diverse Music Enthusiast,"adventurous, creative, open-minded"
220,female,22.0,United Kingdom,"Feb 5, 2005",Sophie Thompson,Music Enthusiast,"indie, alternative, post-punk, pop, rock",Indie music enthusiast,"adventurous, creative, open-minded"
221,male,21.0,Sweden,"Apr 19, 2006",Erik Andersson,Music Enthusiast,"rock, garage rock, alternative rock, alternative, indie, progressive metal, alternative metal, hard rock, heavy metal, funk rock, funk, psychedelic rock, blues rock, folk, americana, art rock, pop rock, black metal, pagan",Diverse music enthusiast,"adventurous, energetic, creative, open-minded"
222,male,25.0,Turkey,"Jun 6, 2005",Onur Yılmaz,Musician,"metal, thrash metal, death metal, progressive metal, metalcore, post-metal, progressive rock",Metal Enthusiast,"adventurous, intense, innovative, rebellious, passionate"
223,female,21.0,Norway,"Mar 3, 2006",Mia Hansen,Student,"alternative metal, post-grunge, rock, alternative rock, pop, dance pop, glam rock, pop rock, indie pop, dance, electropop",Diverse music taste,"adventurous, energetic, creative, open-minded"
224,male,21.0,United States,"Nov 4, 2005",Ethan Johnson,Music Enthusiast,"rock, indie rock, alternative, hip-hop, electronica, experimental, psychedelic, dancehall, shoegaze, dream pop, noise pop, new wave, folk, reggae, ska, post-punk, indie folk, hip hop,",Diverse Music Enthusiast,"adventurous, creative, open-minded"
225,male,22.0,United States,"Jun 13, 2005",Michael Johnson,Music Enthusiast,"indie rock, alternative rock, progressive rock, post-hardcore, electronic, techno, emo, garage rock, comedy, jazz, modal jazz, cool jazz, dance, house, punk rock, indie, indie pop, experimental rock, art rock",Diverse Music Enthusiast,"adventurous, open-minded, creative, eclectic"
226,male,23.0,Canada,"Apr 18, 2005",Nathan Thompson,Music Enthusiast,"indie, alternative, rock, acoustic, folk, art rock, baroque pop, grunge, classic rock, power pop, reggae, parody, nu metal, alternative metal, post-metal, experimental rock, hard rock, post-grunge",Diverse listener,"adventurous, creative, open-minded"
227,male,40.0,France,"Apr 13, 2006",Antoine Dubois,Music Producer,"ambient, post-rock, alternative, psychedelic, shoegaze, indie pop, dream pop, electronic, downtempo, world, indie, electronica, trip hop, synthpop, trance",Diverse music taste,"creative, imaginative, introspective, innovative, eclectic"
228,male,33.0,United States,"Jul 30, 2005",Ryan Johnson,Music Critic,"pop, rock, hip hop",Engaged Listener,"energetic, outgoing, confident, adventurous, passionate"
229,male,21.0,United States,"Dec 19, 2006",Ethan Thompson,Music Enthusiast,"electronic, dance, synth-pop, electronica, downtempo, trip hop, reggae, rock, parody, pop, hip-hop, funk, alternative, lounge, trance, progressive trance, indie, r&b, new wave, punk",Diverse Music Enthusiast,"adventurous, creative, open-minded"
230,male,20.0,Belgium,"Jun 25, 2006",Maxime De Vries,Music Enthusiast,"electronic, techno, house, dance, indie, synthpop, electropop, psychedelic, rock, indie rock, britpop, alternative, french house, indie dance, southern rock, post-rock, ambient, drum and bass, garage rock",Diverse Music Enthusiast,"adventurous, energetic, creative, open-minded"
231,male,34.0,Hungary,"Jan 19, 2007",Bence Kovács,Engineer,No genres of music rated 5 are provided for user 231.,Engaged Music Enthusiast,"passionate, sophisticated, cultured, eclectic"
232,male,26.0,Sweden,"Jul 2, 2006",Erik Johansson,Music Enthusiast,"post-punk, new wave, alternative, cover, acoustic, alternative rock, rock, stoner rock, hard rock, grunge, metal, symphonic metal, cello metal, instrumental, psychedelic rock, heavy metal, thrash metal",Diverse Music Enthusiast,"adventurous, creative, open-minded, edgy, introspective"
233,female,21.0,Brazil,"May 22, 2005",Isabela Santos da Silva,Student,There is no information provided about the genres of music rated 5 by this user.,Engaged listener,"passionate, fun-loving, expressive, rhythmic"
234,male,27.0,France,"Jan 10, 2007",Antoine Dubois,Musician,"indie rock, alternative rock, reggae, ska, latin, experimental, hip hop, electronic, trip-hop",Diverse Music Enthusiast,"adventurous, open-minded, creative, eclectic, diverse"
235,female,18.0,Poland,"Aug 15, 2006",Zuzanna Nowak,Music Enthusiast,"hip-hop, electronic, rap, downtempo, mellow, indie, indie pop, alternative, rock, synthpop, pop, trip hop, electronica, dance-pop, house, indie rock, alternative rock, new wave, soft rock,",Diverse Music Enthusiast,"adventurous, creative, open-minded, eclectic"
236,male,38.0,United Kingdom,"Oct 1, 2006",Oliver Thompson,Musician,No genres of music rated.,Engaged music enthusiast,"sophisticated, mature, classic, refined, timeless"
237,female,24.0,United States,"Aug 21, 2005",Emily Roberts,Music Blogger,"electropop, experimental, indie, rock, pop, alternative, electronic, dream pop, ambient, new wave, punk rock, dance punk, folk",Diverse music taste,"adventurous, creative, open-minded, energetic"
238,male,28.0,Canada,"Jun 7, 2007",Connor Thompson,Musician,"rock, garage rock, alternative rock, pop punk, pop, punk, folk, soul, blues, folk rock, r&b, hip-hop",Diverse music taste,"adventurous, energetic, creative, open-minded"
239,female,21.0,Finland,"Oct 26, 2005",Sofia Järvinen,Music Enthusiast,"hip-hop, rap, alternative, electronic, synthpop, metal, experimental, post-metal, indie pop, melodic death metal, power metal, rock, doom metal, progressive metal, alternative metal, black metal, hardcore, punk, indie rock",Diverse Music Explorer,"adventurous, open-minded, intense, rebellious"
240,male,33.0,Turkey,"Nov 8, 2005",Eren Yılmaz,Music Producer,"alternative, indie rock, indie, experimental, rock, electronic, art rock, techno, downtempo, trip hop, pop, indie pop, folk, traditional, latin, turkish folk",Diverse Music Explorer,"adventurous, creative, open-minded"
241,female,19.0,United Kingdom,"May 7, 2006",Sophie Williams,Student,"electronic, dance, synth-pop, indie rock, post-punk revival, hip-hop, art rock, baroque pop, alternative, folk, pop, rock, britpop, alternative rock, space rock, progressive, alternative metal, thrash",Diverse Music Enthusiast,"adventurous, creative, open-minded, energetic"
242,male,3.0,United States,"Apr 24, 2006",Noah Johnson,Music Enthusiast,"britpop, alternative rock, rock, indie rock, alternative, indie, new wave, psychedelic, pop, grunge, folk, post-punk revival, garage rock, madchester",Active listener,"creative, open-minded, eclectic, adventurous"
243,male,21.0,Belgium,"Nov 16, 2006",Lucas Van den Berg,Music Enthusiast,"alternative, hard rock, electronic, big beat, rave, pop, dance pop, electropop, rock, punk, experimental, drum and bass, remix, hip-hop, electro-pop, indie",Diverse Music Enthusiast,"adventurous, energetic, creative, open-minded"
244,male,35.0,United Kingdom,"May 31, 2005",James Cooper,Musician,"rock, alternative",Genre Enthusiast,"rebellious, independent, artistic"
245,male,26.0,United Kingdom,"Feb 22, 2005",James Thompson,Musician,"alternative, experimental, rock, electronic, indie, ambient, progressive rock, stoner rock, post-hardcore, metal, punk, hardcore punk",Active listener,"adventurous, open-minded, creative, rebellious, nonconformist, edgy"
246,female,18.0,United States,"Jun 12, 2006",Sophia Thompson,Music Enthusiast,"indie, electronic, indie pop, rock, emo, alternative, alternativerock, art rock, baroque pop, folk, ambient, post-rock, experimental, synthpop, folktronica, alternative folk, post-punk, americ",Diverse Music Enthusiast,"adventurous, creative, open-minded, eclectic, introspective"
247,female,31.0,United States,"Aug 2, 2005",Emily Thompson,Music Journalist,"indie, alternative, pop, experimental, lo-fi, indie pop, twee pop, americana, folk, country, rock",Diverse Music Enthusiast,"adventurous, creative, open-minded, eclectic, sentimental"
248,female,28.0,Poland,"Apr 16, 2005",Katarzyna Nowak,Music Enthusiast,"rock, pop, doom metal, gothic metal, death metal, r&b, progressive rock, progressive metal, indie, alternative, symphonic metal, electronic, dance, pop punk, alternative rock, alternative metal, avant-garde,",Diverse Music Taste,"adventurous, creative, open-minded"
249,male,32.0,Norway,"Jan 13, 2005",Erik Hansen,Musician,"grunge, alternative rock, punk, alternative, indie rock, indie, rock, post-punk, symphonic metal, gothic metal, dark wave, electro-goth, electronic, darkwave, synthpop, gothic, comedy,",Diverse Music Enthusiast,"rebellious, edgy, nonconformist, introspective, eclectic, independent"
250,male,22.0,Brazil,"Apr 16, 2007",Felipe Santos,Student,No genres of music rated 5 were provided.,Engaged listener,"energetic, passionate, outgoing, vibrant"
251,male,25.0,Turkey,"Dec 6, 2005",Emir Yilmaz,Musician,No genres of music rated 5 were provided for this user.,Engaged listener,"passionate, energetic, lively, dynamic"
252,female,17.0,Croatia,"Apr 30, 2007",Ana Petrović,Student,"rock, metal, alternative, rap metal, nu metal, acoustic, folk, symphonic metal, power metal, indie, hip hop, industrial",Diverse music taste,"rebellious, energetic, edgy, passionate, adventurous"
253,male,24.0,Finland,"Jan 4, 2005",Elias Järvinen,Music Enthusiast,,Engaged music explorer,"adventurous, energetic, creative, open-minded"
254,male,23.0,Brazil,"Jul 1, 2005",Lucas Oliveira Silva,Music Enthusiast,"latin, rock, pop",Diverse music enthusiast,"adventurous, energetic, creative, open-minded"
255,male,21.0,Poland,"Dec 16, 2005",Mateusz Kowalski,Music Enthusiast,"alternative, indie, rock, post-punk, britpop, electronic, dance, electro-house, experimental, post-grunge, psychedelic, blues, garage rock, hard rock, stoner rock, progressive rock, shoegaze, hip hop,",Active listener,"adventurous, creative, open-minded, passionate, eclectic"
256,male,24.0,Norway,"Dec 7, 2006",Erik Hansen,Music Producer,"hip-hop, electronica, indie, rock, rap, electronic, instrumental hip-hop, experimental",Diverse music enthusiast,"adventurous, energetic, creative, open-minded, eclectic"
257,male,34.0,United Kingdom,"Dec 22, 2004",James Thompson,Musician,"- rock, pop",Engaged Listener,"sophisticated, nostalgic, introspective, eclectic, cultured"
258,male,29.0,Argentina,"Jun 2, 2006",Santiago Rodriguez,Music Producer,"electronic, hip-hop, indie rock, folk, soft rock, acoustic, indie, pop, retro, indie pop, neo-soul, retro pop, girl group, singer-songwriter, electronica, ambient, dream pop, experimental, rock",Diverse music taste,"adventurous, creative, open-minded, introspective, expressive"
259,male,27.0,Turkey,"Jun 6, 2005",Can Aydin Güler,Music Enthusiast,"progressive metal, alternative metal, progressive rock",Progressive Music Enthusiast,"adventurous, creative, open-minded"
260,male,31.0,United States,"Aug 21, 2005",Nathan Johnson,Software Engineer,"country, United States",Active listener,"confident, outgoing, sophisticated, independent, ambitious"
261,female,26.0,Poland,"Jan 16, 2007",Kasia Wojcik,Music Blogger,"indie, dream pop, shoegaze, alternative, post-punk, gothic rock, electronic, indie pop, experimental, folk, ambient, dance-pop, pop, house",Eclectic listener,"adventurous, creative, open-minded, introspective, eclectic"
262,female,29.0,Norway,"Mar 16, 2006",Emma Hansen,Music Critic,"electronic, house, disco, indie, alternative, folk, rock, indie rock, power pop, post-punk, experimental, ambient, pop, downtempo, chillout, funk metal, punk, new wave, synth-pop, singer-song",Diverse music taste,"adventurous, creative, open-minded, introspective, eclectic"
263,male,24.0,Finland,"Dec 12, 2004",Niko Järvinen,Music Producer,No genres of music rated 5 were provided.,Engaged Music Enthusiast,"creative, open-minded, innovative, introspective, sophisticated"
264,male,27.0,Japan,"Nov 5, 2009",Hiroto Suzuki,Musician,"metal, rock, heavy metal, hard rock, power metal, symphonic metal, thrash metal, nwobhm",Active metal enthusiast,"rebellious, energetic, passionate, intense"
