user_id,name,gender,age
1,David Miller,female,39
2,James Brown,male,70
3,John Taylor,male,68
4,James Jones,male,59
5,Jane Brown,female,30
6,David Jones,male,23
7,James Garcia,male,20
8,Robert Johnson,female,61
9,Linda Williams,male,42
10,Linda Davis,male,25
11,Sarah Davis,female,21
12,Mary Williams,male,39
13,Michael Brown,female,42
14,Mary Brown,female,24
15,Emily Miller,female,20
16,John Miller,male,27
17,Jane Garcia,male,58
18,Michael Williams,male,45
19,John Martinez,female,54
20,Emily Davis,male,58
21,John Taylor,female,30
22,Robert Martinez,male,35
23,David Miller,female,26
24,Michael Jones,male,54
25,Linda Miller,female,31
26,Mary Miller,male,58
27,Emily Brown,female,28
28,James Williams,female,37
29,Mary Taylor,male,44
30,David Garcia,male,43
31,Mary Garcia,female,55
32,Jane Davis,female,25
33,Jane Martinez,male,28
34,Michael Williams,female,32
35,Robert Johnson,female,68
36,Jane Jones,male,59
37,James Johnson,male,70
38,David Brown,female,47
39,James Davis,male,56
40,James Brown,female,57
41,David Martinez,male,35
42,Jane Smith,male,51
43,Linda Miller,male,29
44,Mary Brown,female,58
45,David Williams,male,61
46,John Garcia,female,36
47,Michael Miller,male,26
48,David Williams,female,38
49,Sarah Miller,male,30
50,Mary Jones,male,41
51,Mary Martinez,female,25
52,Mary Williams,male,30
53,Michael Williams,male,59
54,Linda Jones,female,21
55,Mary Garcia,male,64
56,Mary Taylor,female,22
57,John Johnson,male,65
58,John Jones,male,61
59,John Smith,male,22
60,David Davis,female,48
61,John Brown,male,52
62,Robert Garcia,male,58
63,Mary Miller,female,23
64,Emily Taylor,female,46
65,Linda Williams,female,30
66,John Miller,female,40
67,Michael Martinez,male,54
68,James Jones,female,60
69,Mary Williams,female,54
70,Sarah Brown,male,34
71,David Martinez,male,22
72,Emily Brown,female,28
73,Sarah Johnson,male,53
74,Mary Martinez,male,66
75,Robert Martinez,female,36
76,Sarah Johnson,female,39
77,Michael Jones,female,28
78,David Davis,male,40
79,Mary Smith,female,23
80,Sarah Brown,female,53
81,James Williams,male,42
82,James Garcia,male,61
83,David Garcia,male,53
84,Mary Taylor,male,58
85,Robert Taylor,male,65
86,Jane Jones,female,70
87,David Davis,male,52
88,Jane Jones,male,66
89,Jane Jones,female,43
90,John Brown,male,61
91,Jane Davis,male,57
92,Emily Jones,female,23
93,John Jones,female,64
94,Mary Smith,male,23
95,John Davis,female,43
96,Emily Martinez,male,25
97,John Jones,male,70
98,James Smith,female,62
99,Linda Smith,male,49
100,Michael Johnson,female,64
101,David Williams,male,47
102,Michael Martinez,female,36
103,Michael Smith,male,48
104,David Brown,female,41
105,Jane Garcia,male,42
106,Robert Johnson,female,68
107,James Brown,male,43
108,Mary Williams,male,54
109,David Smith,female,61
110,Robert Jones,male,26
111,Robert Johnson,female,65
112,Emily Williams,female,44
113,Robert Johnson,female,32
114,Mary Martinez,female,25
115,Jane Brown,female,25
116,Michael Martinez,male,63
117,Sarah Miller,female,50
118,John Miller,male,27
119,Sarah Miller,female,35
120,Jane Jones,male,43
121,Robert Smith,male,25
122,Robert Miller,male,47
123,Linda Smith,female,24
124,Emily Brown,male,34
125,Sarah Williams,male,52
126,Mary Martinez,female,22
127,Sarah Taylor,female,40
128,Mary Johnson,male,47
129,John Smith,female,23
130,Emily Brown,male,36
131,Jane Martinez,female,69
132,James Jones,male,52
133,James Martinez,female,29
134,Linda Garcia,male,53
135,James Martinez,male,39
136,James Martinez,female,44
137,Linda Davis,male,45
138,Mary Smith,female,57
139,Michael Miller,male,63
140,Sarah Davis,female,41
141,Robert Jones,male,21
142,Sarah Smith,female,69
143,Michael Johnson,male,32
144,Michael Jones,female,27
145,Mary Johnson,female,27
146,Michael Johnson,male,48
147,Mary Smith,female,33
148,John Jones,female,61
149,Emily Smith,female,38
150,Emily Martinez,male,70
151,Jane Martinez,male,43
152,Emily Miller,male,48
153,Michael Davis,female,47
154,Mary Miller,female,47
155,David Taylor,male,50
156,Mary Johnson,male,54
157,Jane Davis,female,55
158,David Williams,male,62
159,Sarah Jones,female,66
160,David Taylor,male,51
161,Mary Williams,female,63
162,John Williams,male,47
163,John Smith,male,34
164,Linda Johnson,female,32
165,Michael Davis,male,70
166,David Davis,female,67
167,Emily Garcia,female,49
168,John Davis,male,38
169,Jane Brown,female,53
170,James Williams,male,49
171,Linda Taylor,female,69
172,Sarah Williams,female,54
173,Michael Garcia,female,23
174,Mary Smith,male,53
175,Michael Miller,male,39
176,David Taylor,female,42
177,Jane Taylor,male,32
178,Robert Miller,female,48
179,John Smith,male,45
180,John Johnson,male,69
181,Emily Miller,female,49
182,Mary Jones,male,22
183,Jane Garcia,female,46
184,Michael Davis,male,63
185,James Williams,female,28
186,Robert Brown,female,29
187,David Smith,male,30
188,David Jones,female,50
189,Jane Smith,male,24
190,Mary Jones,female,49
191,Mary Taylor,male,65
192,James Miller,female,70
193,Mary Davis,female,32
194,James Martinez,male,29
195,John Brown,female,56
196,David Brown,male,55
197,Mary Johnson,female,33
198,Sarah Brown,male,50
199,Linda Miller,female,36
200,Sarah Davis,female,38
201,Jane Smith,male,46
202,James Johnson,female,65
203,Linda Garcia,male,20
204,Linda Taylor,female,47
205,Robert Martinez,male,58
206,Linda Garcia,female,26
207,Michael Jones,male,67
208,James Garcia,female,62
209,Jane Miller,male,43
210,Linda Taylor,female,60
211,John Williams,male,36
212,Sarah Miller,male,55
213,Linda Johnson,female,24
214,Linda Garcia,male,42
215,Mary Jones,female,70
216,Robert Williams,female,62
217,James Davis,male,52
218,Sarah Johnson,female,26
219,Emily Williams,male,64
220,Emily Jones,female,38
221,Mary Williams,female,67
222,David Smith,male,36
223,Jane Miller,female,39
224,Emily Johnson,female,57
225,Robert Davis,male,48
226,Linda Miller,female,59
227,Linda Martinez,male,41
228,Emily Jones,female,41
229,John Smith,male,59
230,Michael Miller,male,36
231,Jane Jones,female,46
232,Emily Brown,male,36
233,Robert Johnson,male,42
234,Sarah Martinez,female,27
235,Sarah Jones,male,58
236,Jane Martinez,female,58
237,James Williams,male,53
238,Emily Taylor,female,26
239,James Davis,female,35
240,James Johnson,male,51
241,Mary Smith,female,34
242,John Davis,male,59
243,Jane Jones,female,54
244,Robert Brown,male,39
245,Emily Smith,female,60
246,Michael Jones,male,28
247,John Brown,female,54
248,Robert Brown,male,64
249,Sarah Garcia,female,39
250,James Davis,female,53
251,Linda Garcia,male,61
252,Robert Smith,female,29
253,James Miller,male,36
254,David Davis,male,66
255,John Smith,female,41
256,Jane Williams,male,65
257,Emily Garcia,male,35
258,Sarah Johnson,male,51
259,Michael Brown,female,52
260,Emily Johnson,male,45
261,Sarah Williams,female,30
262,Robert Taylor,male,64
263,John Martinez,male,68
264,David Jones,female,40
265,David Johnson,female,62
266,Emily Taylor,male,51
267,Linda Smith,female,29
268,John Brown,female,34
269,Linda Taylor,male,25
270,Robert Taylor,female,45
271,John Smith,male,23
272,Jane Taylor,male,38
273,Linda Miller,female,50
274,Mary Williams,male,38
275,Emily Taylor,male,55
276,Robert Davis,male,34
277,Emily Martinez,male,38
278,Robert Jones,female,21
279,James Smith,male,41
280,Robert Davis,female,57
281,John Taylor,male,47
282,Linda Smith,male,52
283,Mary Smith,male,24
284,Mary Garcia,male,46
285,Michael Davis,female,48
286,Linda Taylor,male,37
287,James Williams,female,26
288,James Taylor,male,25
289,Michael Jones,male,66
290,Robert Brown,male,33
291,Linda Garcia,female,67
292,Robert Johnson,male,51
293,James Taylor,female,48
294,John Martinez,female,60
295,Robert Miller,male,45
296,John Brown,male,39
297,John Smith,female,32
298,David Miller,male,69
299,Linda Martinez,male,59
300,Robert Miller,male,45
301,Robert Garcia,female,50
302,Jane Jones,male,49
303,David Jones,female,49
304,John Smith,male,37
305,John Martinez,female,54
306,Mary Taylor,male,51
307,Robert Williams,male,29
308,James Smith,female,26
309,John Williams,male,50
310,James Williams,female,38
311,Sarah Martinez,male,58
312,Emily Miller,female,23
313,Jane Martinez,male,55
314,Jane Brown,female,50
315,Sarah Williams,female,41
316,Michael Taylor,male,22
317,Mary Martinez,female,41
318,Emily Brown,male,24
319,Linda Garcia,female,27
320,Jane Smith,male,29
321,Robert Jones,male,32
322,Jane Johnson,male,37
323,Jane Brown,female,39
324,Jane Brown,male,68
325,John Jones,female,63
326,Robert Garcia,male,44
327,David Taylor,male,54
328,James Garcia,male,58
329,Linda Johnson,female,39
330,Mary Martinez,male,32
331,Michael Smith,female,65
332,Linda Williams,female,42
333,Robert Johnson,male,54
334,David Jones,male,43
335,James Davis,female,55
336,John Garcia,male,51
337,Michael Taylor,female,41
338,Robert Brown,female,52
339,Jane Davis,male,49
340,John Smith,female,33
341,Robert Brown,female,57
342,Sarah Jones,male,70
343,Michael Brown,male,36
344,David Martinez,female,40
345,Michael Miller,male,20
346,David Davis,female,64
347,James Garcia,male,39
348,John Brown,female,67
349,John Johnson,male,33
350,Emily Davis,female,50
351,Mary Williams,male,29
352,Michael Smith,female,45
353,Michael Brown,male,21
354,John Jones,female,33
355,Linda Garcia,male,56
356,Emily Martinez,female,39
357,Jane Garcia,male,42
358,Jane Brown,female,24
359,Jane Miller,male,28
360,Emily Brown,male,41
361,Emily Smith,female,25
362,Emily Taylor,male,33
363,Emily Martinez,male,64
364,Linda Martinez,male,58
365,Michael Johnson,male,42
366,John Smith,male,67
367,Michael Williams,female,47
368,Sarah Jones,male,65
369,Sarah Davis,female,51
370,Michael Garcia,male,65
371,John Martinez,female,39
372,Emily Brown,male,28
373,Robert Martinez,female,56
374,Michael Martinez,female,31
375,Emily Smith,male,55
376,James Williams,female,41
377,Sarah Johnson,male,22
378,Robert Brown,female,58
379,John Johnson,female,39
380,James Davis,female,47
381,Jane Martinez,male,23
382,James Davis,female,26
383,Linda Jones,female,53
384,Sarah Johnson,male,70
385,Jane Taylor,female,22
386,Michael Martinez,male,42
387,James Smith,female,70
388,Jane Martinez,female,22
389,Linda Garcia,female,56
390,Sarah Johnson,male,52
391,Michael Brown,male,35
392,Emily Taylor,male,44
393,Mary Smith,male,69
394,Linda Williams,female,53
395,John Taylor,female,25
396,John Brown,male,46
397,James Smith,female,32
398,David Williams,male,28
399,Robert Miller,female,62
400,Sarah Johnson,male,21
401,Sarah Johnson,female,42
402,James Williams,male,63
403,James Martinez,female,68
404,James Garcia,male,69
405,David Brown,female,36
406,Sarah Jones,male,40
407,Sarah Davis,female,70
408,Robert Taylor,male,38
409,David Taylor,female,54
410,Mary Smith,male,43
411,Michael Williams,female,21
412,Sarah Davis,female,47
413,John Garcia,male,37
414,John Jones,female,70
415,James Davis,male,35
416,James Brown,female,38
417,Robert Johnson,female,61
418,James Brown,female,45
419,Emily Brown,male,68
420,Robert Smith,female,22
421,Mary Johnson,female,48
422,Linda Johnson,male,26
423,Mary Jones,female,67
424,John Martinez,male,23
425,Linda Davis,female,64
426,John Johnson,female,57
427,Michael Garcia,female,38
428,Sarah Garcia,male,24
429,Jane Williams,female,62
430,Sarah Miller,male,45
431,James Williams,female,31
432,Sarah Williams,male,30
433,Robert Martinez,male,22
434,Jane Brown,female,29
435,James Miller,male,29
436,Emily Jones,female,36
437,John Smith,male,40
438,John Davis,female,41
439,Mary Garcia,male,52
440,John Johnson,male,59
441,James Garcia,female,36
442,John Johnson,male,59
443,Jane Taylor,female,63
444,Linda Smith,male,66
445,John Taylor,female,56
446,Sarah Garcia,male,45
447,Mary Williams,female,28
448,John Taylor,female,27
449,Robert Miller,male,69
450,Emily Taylor,female,46
451,Robert Garcia,female,26
452,Mary Martinez,male,31
453,Jane Johnson,female,33
454,Emily Jones,male,63
455,Michael Miller,female,58
456,James Taylor,male,40
457,Jane Smith,female,69
458,Mary Williams,male,31
459,Sarah Martinez,male,32
460,John Jones,female,34
461,Emily Martinez,male,38
462,Linda Davis,female,55
463,James Garcia,male,37
464,David Johnson,female,59
465,James Miller,male,65
466,Robert Williams,male,62
467,Sarah Jones,female,46
468,Sarah Garcia,male,21
469,Linda Miller,male,31
470,David Smith,female,52
471,Linda Martinez,male,43
472,Robert Martinez,female,45
473,Robert Jones,male,59
474,Robert Garcia,female,67
475,Sarah Davis,female,62
476,David Williams,male,39
477,Robert Williams,female,28
478,David Taylor,male,52
479,David Garcia,female,33
480,Michael Miller,female,52
481,David Smith,male,68
482,David Smith,female,58
483,James Jones,male,59
484,James Davis,female,59
485,Emily Davis,male,50
486,Michael Miller,male,36
487,Sarah Brown,female,54
488,Robert Taylor,male,65
489,Emily Davis,male,31
490,Sarah Garcia,female,29
491,Sarah Jones,male,33
492,Mary Garcia,female,26
493,Emily Miller,male,52
494,Robert Brown,female,49
495,Linda Martinez,male,51
496,James Johnson,male,49
497,John Davis,female,65
498,Linda Jones,male,70
499,Robert Martinez,male,58
500,Sarah Jones,female,21
501,James Martinez,male,38
502,Mary Smith,female,30
503,David Miller,female,60
504,Jane Williams,male,66
505,James Brown,male,49
506,Linda Taylor,male,23
507,David Miller,male,38
508,James Garcia,male,65
509,Robert Taylor,male,68
510,James Miller,male,33
511,Robert Smith,male,69
512,John Garcia,female,42
513,Michael Garcia,male,53
514,Mary Smith,female,55
515,James Martinez,female,34
516,Emily Smith,male,47
517,John Davis,male,50
518,Robert Jones,male,61
519,James Davis,female,25
520,Mary Miller,male,32
521,Sarah Garcia,female,26
522,James Johnson,male,56
523,Sarah Davis,female,32
524,David Johnson,male,29
525,Mary Williams,female,61
526,Emily Davis,male,49
527,Mary Taylor,female,46
528,James Brown,male,44
529,Mary Jones,female,46
530,John Jones,male,23
531,James Williams,female,26
532,John Davis,male,41
533,Sarah Jones,male,26
534,Sarah Jones,male,45
535,Robert Davis,male,42
536,Emily Martinez,male,49
537,Emily Brown,male,48
538,Emily Smith,female,27
539,Linda Garcia,female,41
540,James Williams,female,23
541,James Miller,male,64
542,Sarah Davis,male,26
543,James Garcia,male,57
544,Mary Martinez,male,37
545,Jane Taylor,female,49
546,Robert Smith,male,62
547,John Smith,female,44
548,Sarah Garcia,male,23
549,Emily Miller,female,29
550,John Jones,male,27
551,James Martinez,female,49
552,James Smith,male,69
553,Robert Johnson,female,21
554,Michael Smith,male,45
555,David Johnson,male,41
556,John Davis,male,20
557,David Garcia,female,34
558,Michael Johnson,male,57
559,Emily Miller,female,29
560,Jane Smith,male,42
561,John Johnson,female,62
562,Linda Brown,male,61
563,Michael Garcia,male,51
564,Emily Taylor,female,29
565,Jane Taylor,male,26
566,James Jones,female,32
567,David Davis,male,62
568,Linda Brown,male,46
569,Robert Smith,male,62
570,Emily Brown,female,65
571,Jane Williams,male,33
572,David Smith,female,55
573,Michael Miller,female,51
574,Linda Davis,male,37
575,Emily Johnson,female,59
576,Emily Miller,male,66
577,John Jones,female,45
578,John Johnson,female,30
579,Jane Davis,male,58
580,Jane Davis,female,28
581,Emily Martinez,female,58
582,Mary Williams,male,32
583,John Taylor,male,55
584,Linda Taylor,female,45
585,David Williams,female,62
586,John Garcia,male,47
587,Sarah Garcia,male,51
588,Robert Martinez,female,70
589,David Davis,male,60
590,Michael Williams,male,52
591,David Johnson,female,29
592,Emily Smith,male,20
593,Michael Davis,female,42
594,Sarah Brown,male,34
595,Jane Williams,female,21
596,James Johnson,male,58
597,John Davis,male,30
598,Linda Garcia,female,45
599,Emily Davis,male,56
600,Emily Garcia,male,38
601,James Smith,female,23
602,James Brown,female,55
603,Sarah Smith,male,68
604,John Garcia,female,41
605,Mary Williams,male,23
606,Emily Brown,female,66
607,Sarah Smith,male,64
608,Robert Miller,female,33
609,James Johnson,male,21
610,Sarah Miller,male,69
611,David Brown,female,42
612,Robert Miller,male,57
613,Robert Davis,male,45
614,Emily Garcia,female,56
615,Jane Brown,male,46
616,Emily Taylor,female,65
617,Mary Williams,male,51
618,Emily Martinez,female,49
